# {"t_start": 1604712404.5037315, "env_id": "CartpoleSwingShort-v0"} 
r,l,t
0.24279,10000,6.482593
0.201361,10000,14.094251
14.320951,10000,21.924124
42.737898,10000,29.568116
60.534167,7150,35.682262
57.620789,9072,44.462019
43.539114,4162,50.275721
46.527731,5603,53.764022
73.841025,4945,58.676356
62.213605,4672,61.643618
122.08843,6772,67.472688
76.515626,4329,73.554914
70.58269,4037,75.936786
80.005649,3576,80.924048
70.949107,2720,82.755814
80.529423,3061,84.519646
77.575034,3005,88.421325
67.434017,3428,90.448967
74.447526,3074,92.143485
116.533836,3045,95.994573
138.977441,3492,98.070925
162.870992,3546,104.062144
159.800054,3893,106.343933
261.881991,4950,112.484787
198.009633,4415,114.950156
280.472725,4431,119.706786
296.919863,4471,122.442048
496.377869,5882,128.185261
466.384032,5494,135.36297
880.747251,10000,145.462958
403.697713,5864,150.678043
531.279244,7253,159.141543
376.164332,4938,165.332257
468.398185,4469,172.568343
369.643809,4571,175.225299
549.545564,4636,179.930566
535.940649,4977,182.676266
474.289691,4129,186.745289
423.881824,3553,188.816972
500.862701,5379,194.917493
478.097666,3977,197.271842
379.30394,3660,201.552979
342.352846,3918,203.793854
320.81159,3510,208.6373
343.0533,3072,210.647959
340.03582,3033,216.183914
330.104012,3075,217.858977
318.482456,3467,219.934409
382.065551,3158,223.536214
379.815405,3455,225.503306
424.942593,3109,227.271082
441.037532,3540,231.152703
484.155963,3556,233.331542
710.626641,4001,238.927725
596.145439,3901,241.101463
578.58648,3940,246.165072
826.599509,4581,248.827567
596.630577,4031,253.787576
574.294482,3986,256.104085
560.097971,3928,261.244975
500.740128,3876,263.547858
873.968657,4305,269.106043
773.346092,4379,271.619858
778.576728,4081,276.742086
722.560995,4094,279.383984
889.536714,4448,284.549647
999.198522,4847,287.415736
1078.78244,4523,292.04091
1031.294046,4881,299.564268
1150.530304,4937,302.377034
1313.367829,5697,307.1891
1383.947053,5263,314.384557
1245.311885,5045,321.510848
2925.513389,7970,330.683026
1698.171336,5755,336.882412
1429.802375,5585,344.735991
1291.465018,4706,351.636055
1232.273067,4941,354.469799
1760.629591,5975,359.918938
1156.368446,5069,366.869734
1581.214758,5548,374.512707
2104.459336,6577,382.55565
2817.407065,7596,390.481045
3132.827758,7815,398.141354
3606.323877,8165,406.645044
4001.791107,7759,415.209052
3869.673663,6823,421.843908
3885.418141,7018,429.304085
3589.317341,6793,436.484508
3236.8867,6146,443.76986
2909.590097,5698,451.356605
2560.437301,6398,459.700063
2544.667008,5815,467.291923
2874.07789,6628,476.888547
3594.596905,5605,484.290486
3675.614303,6179,492.092476
4145.787778,6486,499.70214
2794.514661,5350,506.520257
2754.680785,5389,513.960228
2769.927468,5532,522.031756
2513.214125,4876,529.726075
2406.692726,4829,537.850325
2720.740578,5119,546.066356
5137.824948,7318,555.006307
2313.231442,4613,561.704421
2543.638875,4640,564.859552
2489.414084,5080,569.992173
3970.812997,6280,577.98246
3547.552096,5760,585.271117
1835.035604,4265,592.117218
1981.258544,4652,599.847487
2972.820099,5727,608.395067
1706.193486,3859,614.921904
1766.479084,4392,617.542219
1801.681934,4814,623.238363
2987.577938,6322,632.224363
3228.951088,5582,639.547738
2373.07443,4430,646.479276
3965.51474,6137,654.862545
3685.537281,6149,663.198182
2162.239978,3996,670.051045
2272.68086,4398,673.09727
3674.534908,6252,679.503002
1471.278291,3656,685.400407
2248.407886,4546,688.196021
6914.772556,10000,696.870497
7134.547922,10000,704.463603
5444.510209,7763,710.521885
7532.461139,10000,719.841747
3452.98703,5688,725.049397
1803.131616,4096,727.420674
7647.728134,10000,735.401843
4891.095972,7241,741.690767
7679.650932,10000,750.982171
7787.902407,10000,758.415626
6857.738298,9024,765.306923
5364.007252,7628,771.997098
7175.969828,10000,781.23664
6421.739363,9559,788.616247
7698.662048,10000,796.634369
1262.692251,4125,801.169164
4720.957713,7099,811.396679
7156.678212,10000,821.279819
7325.670996,10000,829.529368
6869.924256,10000,837.321449
7626.812419,10000,845.192255
7196.299984,10000,852.853245
7423.784127,10000,861.129012
6746.589967,10000,868.730479
7450.968192,10000,877.045211
6634.34206,10000,885.232086
7097.566093,10000,893.914881
6758.567597,10000,902.42659
7027.822298,10000,910.532619
7221.349558,10000,919.72696
7403.193401,10000,927.745341
7337.853952,10000,936.778081
6184.633139,10000,945.335517
7786.778242,10000,953.781329
7179.313135,10000,962.644903
7258.860656,10000,971.219707
7436.034865,10000,979.540173
7697.126754,10000,987.330915
7390.188098,10000,995.208547
7670.970716,10000,1003.99252
7178.578333,10000,1011.75706
8140.73721,10000,1019.015867
7953.643358,10000,1026.342432
8093.353008,10000,1033.992919
7329.795294,10000,1042.173367
7510.095842,10000,1049.810821
7637.940413,10000,1058.333167
8179.382093,10000,1067.144641
7400.201081,10000,1075.158042
8073.018295,10000,1083.326513
8038.565119,10000,1090.961706
7957.872088,10000,1098.986326
8190.141159,10000,1107.177294
8176.037642,10000,1115.145537
8283.421572,10000,1123.911544
8322.904663,10000,1133.908572
8648.340025,10000,1142.538508
8191.651959,10000,1150.379775
8298.539623,10000,1157.898245
8112.989048,10000,1165.69402
8337.303489,10000,1173.009527
8291.710727,10000,1180.505343
8159.609322,10000,1188.053877
7773.820969,10000,1195.282501
7953.178564,10000,1203.712058
8067.813377,10000,1211.242468
8014.891449,10000,1218.693171
7975.895417,10000,1227.353547
7953.492635,10000,1235.67998
7736.69882,10000,1242.856094
7851.059933,10000,1250.219963
8117.471348,10000,1257.830094
7914.116608,10000,1266.666979
7889.771737,10000,1274.596581
8406.936467,10000,1282.041848
8283.869555,10000,1289.377671
8192.014971,10000,1296.555826
8060.775545,10000,1303.674883
7449.008125,10000,1310.810832
7857.358559,10000,1318.788873
8262.178624,10000,1326.406852
8173.499018,10000,1333.56319
8159.143307,10000,1339.974864
8166.064543,10000,1346.800283
8204.922844,10000,1352.963454
8227.235297,10000,1360.098184
8203.267769,10000,1366.489292
8068.153075,10000,1372.796813
7388.743666,10000,1379.349371
7954.84326,10000,1385.898987
8319.68584,10000,1392.280395
8142.136589,10000,1399.373488
7831.472152,10000,1405.858067
8164.257836,10000,1412.202419
8336.272993,10000,1418.0462
8291.934785,10000,1424.500039
8348.709012,10000,1430.738852
8129.595384,10000,1436.710164
8359.885685,10000,1442.587894
8092.574453,10000,1448.692496
8560.105985,10000,1454.809224
8622.63358,10000,1461.310612
8609.536458,10000,1467.607698
8474.868755,10000,1474.877696
8690.997335,10000,1481.394158
8764.201471,10000,1487.952741
8754.054953,10000,1494.759356
8588.735253,10000,1501.740654
8552.472621,10000,1507.995347
8630.317081,10000,1514.507627
8751.9011,10000,1521.983217
8780.604688,10000,1529.656084
8749.855611,10000,1536.279506
8729.403041,10000,1542.865207
8892.980013,10000,1549.859837
8713.685496,10000,1556.510169
8757.268676,10000,1563.05773
8835.719874,10000,1569.300499
8827.924188,10000,1576.665157
8795.903586,10000,1583.642737
8825.752003,10000,1590.626377
8890.444035,10000,1598.549204
9083.934061,10000,1606.466336
9098.544643,10000,1614.444918
9097.184641,10000,1621.577839
9108.352072,10000,1628.241787
9129.270768,10000,1635.226206
9162.369238,10000,1642.216814
9112.293489,10000,1649.203006
9110.784723,10000,1655.334822
9240.35777,10000,1662.768345
9305.941946,10000,1669.834872
9219.086407,10000,1676.579052
9272.097649,10000,1683.045
9271.957966,10000,1689.287509
9294.560291,10000,1695.270384
9280.575355,10000,1702.19372
9198.607257,10000,1708.256366
9160.447086,10000,1714.875142
9195.003825,10000,1721.080048
9353.386252,10000,1729.051804
9186.983071,10000,1735.50662
9439.249391,10000,1742.634485
9304.407401,10000,1748.538474
9342.145717,10000,1755.555836
9277.592866,10000,1761.552603
9313.127122,10000,1768.252167
9261.468634,10000,1774.810085
9693.027913,10000,1781.761651
9657.240199,10000,1788.585922
9596.930089,10000,1797.081327
9535.18533,10000,1804.435118
9464.380307,10000,1811.229821
9534.219761,10000,1817.632496
9315.873614,10000,1824.144196
9488.944405,10000,1830.932185
9424.212619,10000,1838.506909
9551.006574,10000,1846.069023
9543.479084,10000,1852.606074
9541.754175,10000,1860.808916
9578.535737,10000,1867.711677
9524.701902,10000,1874.153629
9477.631186,10000,1882.676084
9502.372336,10000,1892.625909
9492.421817,10000,1899.176061
9480.172617,10000,1907.198735
9435.056869,10000,1915.197456
9435.830184,10000,1922.711509
9466.783457,10000,1928.951576
9461.397409,10000,1935.287038
9436.285692,10000,1941.6424
9550.974765,10000,1948.451654
9530.803671,10000,1954.875524
9505.081374,10000,1960.958276
9483.496013,10000,1967.324795
9493.940964,10000,1973.90816
9473.578118,10000,1980.42122
9767.182446,10000,1988.902721
9471.597013,10000,1995.498626
9474.655909,10000,2002.108978
9509.346646,10000,2009.074316
9613.832416,10000,2015.235837
9668.283031,10000,2021.868097
9587.482434,10000,2030.589501
9574.428328,10000,2036.762521
9620.46671,10000,2043.748835
9679.275827,10000,2050.683795
9577.026535,10000,2058.055598
9574.876763,10000,2064.782152
9575.317159,10000,2071.443404
9589.403974,10000,2077.700567
9581.866409,10000,2084.022656
9580.639799,10000,2092.50761
9595.64543,10000,2098.74393
9601.78634,10000,2105.181753
9584.155311,10000,2111.685316
9566.881901,10000,2118.513053
9576.598664,10000,2126.556541
9616.849576,10000,2133.160876
9639.873436,10000,2142.005219
9594.743534,10000,2149.014977
9572.952836,10000,2157.266906
9577.177157,10000,2164.682075
9580.92384,10000,2171.821976
9879.70997,10000,2178.976401
9591.929599,10000,2186.614972
9641.50975,10000,2193.581371
9573.343759,10000,2200.562665
9563.288504,10000,2207.682621
9563.061616,10000,2214.817538
9568.312824,10000,2221.859736
9551.852535,10000,2229.105323
9557.248822,10000,2236.484585
9572.401562,10000,2242.922368
9571.293755,10000,2249.861439
9559.709076,10000,2257.190804
9563.709067,10000,2264.322753
9594.804918,10000,2271.690022
9569.820528,10000,2278.928662
9571.712721,10000,2286.185252
9577.527561,10000,2293.472796
9590.401889,10000,2300.574765
9581.001812,10000,2307.629956
9597.563412,10000,2314.807756
9579.477861,10000,2321.854908
9602.445872,10000,2328.874176
9605.122526,10000,2335.827568
9612.617086,10000,2342.727083
9626.425631,10000,2350.206077
9739.506813,10000,2357.541966
9730.599335,10000,2364.394636
9584.964254,10000,2371.663023
9639.922624,10000,2380.101453
9635.529732,10000,2387.431846
9555.500975,10000,2395.268886
9543.8951,10000,2402.518495
9566.819874,10000,2409.747159
9566.550151,10000,2417.56824
9594.649742,10000,2424.782943
9596.799974,10000,2433.1366
9584.036012,10000,2440.696413
9581.699223,10000,2449.640458
9551.158633,10000,2455.828907
9550.356505,10000,2461.416959
9541.073037,10000,2467.987386
9537.776071,10000,2474.592718
9511.789955,10000,2480.927784
9550.774785,10000,2486.658448
9531.914354,10000,2492.700288
9505.739023,10000,2499.495113
9520.286158,10000,2505.275692
9519.932289,10000,2511.825134
9505.647191,10000,2517.632603
9380.828529,10000,2524.211585
9517.819044,10000,2529.877471
9490.71505,10000,2535.543318
9505.150641,10000,2541.249062
9660.144088,10000,2546.965762
9521.038957,10000,2552.606637
9545.569362,10000,2558.240567
9366.861134,10000,2564.076957
9444.721825,10000,2569.701912
9382.12717,10000,2575.621081
9565.027942,10000,2581.69284
9437.450521,10000,2587.343727
9326.806249,10000,2592.989625
4158.469251,4636,2596.411511
9494.563236,10000,2604.363204
9371.017624,10000,2610.055978
3434.249673,3836,2613.140728
2880.564038,3357,2614.554984
9528.505045,10000,2621.3388
9536.617015,10000,2627.139286
9673.625478,10000,2632.730379
9559.674636,10000,2639.126256
9652.112512,10000,2645.916064
8479.069308,9104,2651.620807
9917.723833,10000,2658.315899
9462.543169,10000,2665.29128
9698.823447,10000,2671.954463
9589.818278,10000,2678.159824
9686.887197,10000,2684.272473
9537.005426,10000,2690.037057
9789.192047,10000,2695.730827
9744.213427,10000,2701.271009
9697.504038,10000,2707.142306
9681.698721,10000,2713.039571
9689.536081,10000,2718.642546
9678.939574,10000,2724.337314
9684.614583,10000,2729.988205
8428.217842,8733,2735.117522
9694.159584,10000,2741.229135
9601.425115,10000,2746.847107
9672.349592,10000,2752.541875
9717.413556,10000,2758.206723
9771.383816,10000,2763.777865
9691.308968,10000,2769.358897
160.774367,421,2770.963603
92.431848,371,2771.15114
9828.550294,10000,2781.605175
9858.329776,10000,2787.136387
183.280633,446,2788.734073
9854.738921,10000,2798.270607
9849.597856,10000,2803.824711
9875.123169,10000,2809.326994
10190.603841,10000,2814.94401
9761.417069,10000,2820.498155
10354.679229,10000,2826.095145
10126.267087,10000,2831.586498
9881.434654,10000,2837.313178
9867.984533,10000,2843.358006
9835.53524,10000,2848.866243
9853.538349,10000,2854.413404
9686.414405,10000,2860.058342
9885.481338,10000,2865.727142
9784.063548,10000,2871.267325
9720.401639,10000,2876.843411
9731.848794,10000,2882.375614
9974.06767,10000,2888.056418
10189.642189,10000,2893.608568
9801.062175,10000,2899.207635
9719.476594,10000,2905.391055
9912.870107,10000,2911.120731
9901.819696,10000,2916.648981
9738.507797,10000,2922.391634
10002.020904,10000,2928.218998
9888.62696,10000,2934.137167
9723.053394,10000,2939.841961
46.816298,334,2941.336911
63.219739,343,2941.537411
10190.68767,10000,2951.797933
37.167413,316,2953.311882
70.71142,335,2959.619016
68.742881,317,2959.819512
66.254884,318,2959.978051
54.963819,326,2960.128681
59.664664,292,2960.252354
61.61968,284,2965.213049
46.920135,290,2965.357665
52.425914,303,2965.496292
48.494527,294,2965.619963
56.002668,292,2965.742675
49.972814,314,2965.871289
71.905979,299,2965.990971
72.293401,291,2966.110649
52.408096,311,2966.245289
57.376206,283,2966.377969
9726.961597,10000,2975.521478
9711.61367,10000,2981.03676
57.222599,275,2982.545693
47.170976,352,2982.721256
57.130055,265,2988.12078
53.607079,263,2993.66894
53.007292,299,2993.815548
42.62848,307,2993.951186
60.223259,275,2994.067874
45.630519,342,2994.213524
67.157508,370,2994.363083
41.779131,299,2999.309852
59.739676,315,2999.45849
48.300232,354,2999.61404
54.550736,285,2999.758653
50.066495,275,2999.916231
58.784243,368,3000.097783
51.802116,266,3000.220456
49.358063,284,3000.33814
50.150557,335,3004.929821
49.320208,314,3005.080448
9632.945018,10000,3014.64384
9652.68059,10000,3020.459409
9785.945541,10000,3026.099281
9803.073905,10000,3031.724236
9686.704213,10000,3038.025424
9646.555065,10000,3043.577573
9596.328864,10000,3049.226424
9714.5378,10000,3056.076103
9718.01126,10000,3061.697115
9552.560042,10000,3067.876542
9669.788074,10000,3074.789052
9671.898243,10000,3080.257426
9755.227536,10000,3085.793619
9665.416103,10000,3091.277989
9701.429071,10000,3096.884954
10044.641517,10000,3103.13925
9692.95583,10000,3108.762184
9651.812676,10000,3114.523776
9789.628475,10000,3120.112827
9860.971739,10000,3125.69294
9811.118266,10000,3131.207152
9817.42539,10000,3136.877984
9771.976049,10000,3142.43117
9808.389967,10000,3148.069052
9822.905412,10000,3153.717943
9810.889088,10000,3159.253138
21.181852,149,3160.662369
20.865451,137,3160.738166
20.168623,151,3160.812967
21.221748,137,3160.901731
20.296195,154,3160.977557
21.620287,124,3161.033378
20.088609,154,3161.099239
21.320359,123,3161.152061
22.605002,177,3161.224864
21.375976,136,3161.283756
21.252263,151,3161.347536
20.539599,154,3161.410369
22.316212,143,3161.465221
21.84485,141,3161.521073
21.132069,148,3161.580912
21.783444,150,3161.638798
22.571081,168,3161.708611
21.689067,126,3161.758439
21.945259,146,3161.816284
21.183322,154,3161.876122
22.184743,156,3161.938995
22.006243,164,3162.005777
22.832346,148,3162.065655
21.135297,132,3162.119473
21.7131,134,3162.17233
23.422063,177,3162.242181
22.371137,138,3162.296001
21.143786,120,3162.342875
21.658347,137,3162.397729
22.364104,136,3162.451583
21.98722,160,3162.533408
22.126037,159,3162.597193
22.45332,147,3162.657034
20.419984,155,3162.71791
25.509553,144,3166.360128
23.584073,116,3166.43094
23.756558,123,3166.527682
21.656251,132,3166.610461
21.32944,127,3166.683265
9835.723106,10000,3176.650606
18.712827,123,3178.078785
20.076471,106,3178.145607
21.497398,130,3178.221404
20.46616,120,3178.282242
18.359013,132,3178.344076
20.762518,115,3178.396934
20.715511,127,3178.452785
19.165505,110,3178.500695
18.347266,121,3178.552519
21.064138,118,3178.601389
21.076312,107,3178.647265
19.754418,110,3178.692145
20.684559,128,3178.745003
18.853128,106,3178.805841
20.887093,120,3178.856706
22.05967,125,3178.908605
20.599768,116,3178.955441
19.501824,123,3179.008301
18.948323,116,3179.055174
22.397122,126,3179.107035
19.144878,112,3179.151916
21.233189,132,3179.204774
19.196529,123,3179.254677
21.298681,118,3179.301517
19.905192,108,3179.344402
20.063461,122,3179.392274
20.141343,109,3179.435199
19.609246,111,3179.47808
21.46284,127,3179.527909
19.348983,122,3179.575781
19.04603,100,3179.614717
20.223998,110,3179.65861
19.638875,129,3179.708464
20.889713,123,3179.755339
19.024988,110,3179.798188
19.224562,116,3179.844064
19.181815,111,3179.887947
20.888815,123,3179.936816
18.995167,125,3179.986683
20.249952,133,3180.037584
19.23353,111,3180.081429
21.648858,143,3180.146257
19.50107,114,3180.194127
19.192085,119,3180.244032
20.514471,121,3180.293896
21.439748,119,3180.34177
22.012502,121,3180.390604
19.102502,120,3180.439473
19.142079,124,3180.490335
19.31398,117,3180.537256
19.683752,122,3180.585125
19.715269,119,3180.634993
18.921614,118,3180.680864
18.667288,115,3180.725751
21.074478,114,3180.769588
19.225964,126,3180.819457
19.325886,121,3180.86633
20.388041,122,3180.914253
19.454302,131,3180.967062
20.525414,115,3181.014936
18.973602,116,3181.060809
21.032727,126,3181.110717
19.0453,106,3181.153561
20.168654,106,3181.195449
19.050256,114,3181.24033
17.734117,114,3181.286206
20.422798,120,3181.333082
18.86826,102,3181.372017
18.792169,138,3181.426871
19.121826,102,3181.466764
20.67425,110,3181.509611
19.264145,112,3181.553494
20.423819,122,3181.602363
19.195193,118,3181.651233
19.713158,107,3181.693159
19.474846,121,3181.751999
19.773501,127,3181.803861
19.4535,117,3181.850697
18.917417,122,3181.899568
18.371827,128,3181.951429
19.174875,108,3181.996309
20.041207,112,3182.043222
20.721258,106,3182.098035
21.659465,108,3182.147904
19.311061,122,3183.587054
21.038033,107,3183.645896
19.334082,122,3183.714713
22.416024,110,3183.767571
19.576871,124,3183.825415
21.204872,108,3183.874286
20.43639,103,3183.920162
18.613078,134,3183.978007
20.678692,108,3184.023884
20.141314,107,3184.068764
20.779146,117,3184.117634
19.162893,110,3184.162515
20.822507,127,3184.213377
21.408589,116,3184.26125
20.914332,108,3184.304135
19.533063,110,3184.349015
20.86763,113,3184.393894
20.996733,107,3184.435818
17.968594,122,3184.483655
19.174016,126,3184.533521
21.429004,110,3184.58638
19.901536,125,3184.638242
20.219177,111,3184.684118
19.095949,120,3184.732988
19.558802,121,3184.781858
19.661796,113,3184.827773
19.772984,116,3184.873653
20.390566,107,3184.91554
18.329041,126,3184.965366
21.973043,119,3185.01623
20.969585,119,3185.066141
19.327115,117,3185.112007
19.700894,117,3185.158888
21.335162,123,3185.207719
20.173972,120,3185.256626
21.218163,108,3185.301505
20.296923,114,3185.346347
21.087468,128,3185.396252
20.649819,123,3185.445083
20.353633,110,3185.488966
20.356936,129,3185.53983
21.15471,108,3185.581718
20.769321,124,3185.630633
19.70279,122,3185.67846
19.815899,127,3185.72837
21.180193,113,3185.772209
20.928154,119,3185.819125
20.02632,117,3185.865959
21.838772,121,3185.913867
18.83617,111,3185.956746
20.092699,119,3186.005623
21.652465,106,3186.046515
19.414301,110,3186.091396
20.382678,118,3186.138231
20.168857,122,3186.189093
20.868125,115,3186.242949
18.54886,112,3186.292816
20.393261,111,3186.339741
19.23794,122,3186.390594
19.77028,110,3186.435434
20.774892,110,3186.480354
19.903452,109,3186.531178
18.308528,108,3186.580047
18.864041,119,3186.633903
18.662419,116,3186.689754
19.716257,129,3186.767545
19.276569,113,3186.830378
20.595165,111,3186.884234
20.966967,115,3186.938126
20.935539,124,3186.992985
20.370086,122,3187.046801
19.782035,116,3187.099698
21.794197,123,3187.151519
20.59585,108,3187.196399
20.141544,111,3187.24431
18.456178,107,3187.287199
18.692355,132,3187.341063
21.355689,127,3187.391876
21.643662,111,3187.438751
19.286059,116,3187.485667
19.828783,121,3187.535492
20.086189,107,3187.578377
18.310765,117,3187.625252
19.499166,124,3187.684094
18.631752,112,3187.729972
20.150603,106,3189.112275
22.944264,107,3189.174108
20.910276,104,3189.232952
20.83613,110,3189.287805
21.704542,105,3189.337672
19.545565,111,3189.388536
20.638204,110,3189.436408
19.520604,101,3189.48029
19.883798,110,3189.527165
18.284058,109,3189.572045
20.366659,105,3189.615928
19.674906,97,3189.654824
19.352955,116,3189.701747
19.913849,113,3189.746622
21.531258,110,3189.790462
21.080214,111,3189.834382
19.756043,122,3189.882254
20.942586,106,3189.925101
19.512877,109,3189.969024
19.795624,120,3190.017853
22.303803,102,3190.05974
19.52062,116,3190.105618
21.343231,128,3190.15952
19.553397,116,3190.205352
20.425904,118,3190.253223
19.232358,107,3190.295112
19.461304,101,3190.335004
18.114597,110,3190.38188
22.932306,111,3190.425761
19.316876,107,3190.467694
19.504523,112,3190.512575
22.226782,110,3190.555414
18.803831,106,3190.597302
20.126797,112,3190.640188
20.905313,101,3190.69903
20.664746,108,3190.741957
18.9998,114,3190.787829
19.78874,107,3190.830713
18.524953,96,3190.868618
19.411115,106,3190.9105
18.723906,100,3190.948401
21.555857,108,3190.998243
22.045424,111,3191.049094
20.209427,114,3191.109932
19.383991,117,3191.174794
20.102478,102,3191.236593
20.106213,110,3191.305408
21.448427,109,3191.358268
19.331927,106,3191.407176
19.114422,113,3191.457003
20.64707,116,3191.507905
19.032518,117,3191.556775
17.712603,103,3191.600659
22.390064,119,3191.649488
19.521142,109,3191.69437
18.185473,103,3191.73526
19.639329,103,3191.777147
19.840142,112,3191.823064
18.669456,99,3191.862921
20.668266,122,3191.911787
19.987109,114,3191.956708
20.453221,110,3192.002546
18.701067,102,3192.046429
20.149085,112,3192.100283
18.114705,99,3192.165111
19.821991,112,3192.219963
21.805681,108,3192.27382
19.864168,107,3192.326679
19.183822,121,3192.387516
20.802474,104,3192.438379
18.513936,98,3192.486251
20.947843,105,3192.534122
20.66461,113,3192.586982
19.767417,114,3192.639839
20.168456,101,3192.685717
20.884059,111,3192.734587
22.050204,118,3192.786449
20.44163,122,3192.839343
21.216543,118,3192.896156
21.383405,129,3192.953003
18.539819,105,3193.000912
19.487234,111,3193.050777
18.972775,106,3193.096653
20.500756,104,3193.140501
20.116201,109,3193.188372
19.400637,117,3193.241231
21.087935,110,3193.288107
21.145382,110,3193.336014
19.377741,123,3193.40583
19.954513,111,3193.453665
20.386448,111,3193.500539
19.377125,106,3194.924728
20.007867,100,3194.98357
19.267124,95,3195.039422
18.98899,103,3195.094275
18.436503,110,3195.147166
19.196068,100,3195.195006
20.445926,102,3195.241914
20.765103,112,3195.290784
21.055676,108,3195.337625
22.089203,112,3195.384501
19.383716,97,3195.425428
20.210885,99,3195.484232
19.508872,107,3195.53513
19.450632,103,3195.580973
18.779371,105,3195.625854
20.650676,107,3195.671765
17.967804,100,3195.713618
21.408931,107,3195.757545
20.115644,120,3195.806405
21.979945,103,3195.849289
19.928252,107,3195.892142
19.456475,104,3195.935026
22.851371,105,3195.977913
20.406061,111,3196.021829
20.070462,109,3196.065713
21.889882,103,3196.106567
20.982384,108,3196.149487
19.943023,101,3196.18835
19.491858,99,3196.228242
21.945502,107,3196.270131
18.355754,99,3196.312019
19.819756,115,3196.359891
19.735577,103,3196.401779
19.39569,104,3196.44566
22.12679,112,3196.492575
19.637567,105,3196.535458
18.384224,103,3196.578305
20.87883,117,3196.629169
19.018467,109,3196.69603
18.090859,97,3196.737911
19.985553,101,3196.780794
20.543508,107,3196.826643
19.642756,109,3196.871523
19.888764,97,3196.912452
18.498061,100,3196.954344
19.829286,99,3196.99519
19.23972,106,3197.039073
19.850629,108,3197.081959
19.681545,112,3197.126875
20.606931,110,3197.171757
20.402933,116,3197.217596
18.794756,107,3197.261478
22.035504,106,3197.306396
20.091018,106,3197.348248
18.833855,106,3197.38918
19.224343,109,3197.432065
21.564309,106,3197.479903
20.430695,110,3197.524813
20.19389,107,3197.567659
19.850655,108,3197.610544
19.675351,105,3197.652432
22.149228,110,3197.696315
19.820043,111,3197.741196
20.441285,102,3197.782086
21.22317,110,3197.828961
19.658493,110,3197.878864
19.760707,98,3197.920716
20.191195,101,3197.9636
21.550346,101,3198.008482
21.147957,105,3198.065328
20.619865,107,3198.119185
19.658865,100,3198.16606
21.764833,105,3198.218919
19.833552,104,3198.271813
20.197847,108,3198.320686
19.484062,106,3198.370512
19.876675,103,3198.417388
21.305017,104,3198.488236
19.634344,97,3198.53208
19.311587,95,3198.575003
19.857722,109,3198.624832
21.32365,116,3198.683729
21.552465,101,3198.734539
21.985644,109,3198.803354
20.28924,112,3198.882144
18.654644,109,3198.975893
19.411062,103,3199.058671
20.926518,104,3199.139455
19.660631,94,3199.229216
21.963523,108,3199.311995
18.121089,109,3199.373838
20.134414,111,3199.450623
20.555958,102,3199.510463
20.886697,103,3199.568308
20.592833,102,3201.214904
21.910227,104,3201.285714
22.440803,105,3201.349545
20.54876,103,3201.410383
20.265161,100,3201.465237
20.351554,100,3201.522083
19.443408,98,3201.577933
20.109371,94,3201.631791
21.240895,105,3201.686643
21.141377,109,3201.745487
20.970164,99,3201.801338
21.21617,102,3201.858185
20.889264,97,3201.914036
19.592648,106,3201.97986
17.797847,102,3202.034711
21.260744,97,3202.094551
19.296788,102,3202.154392
18.644648,100,3202.209245
20.028042,103,3202.270084
20.947844,99,3202.32294
19.809041,96,3202.376798
21.647577,105,3202.440626
17.724664,97,3202.49149
18.684523,98,3202.54435
18.91528,97,3202.597208
19.815937,108,3202.66303
20.563318,101,3202.740825
20.684034,105,3202.803655
22.314521,102,3202.865491
20.416986,100,3202.925331
20.210828,101,3202.984172
19.983363,101,3203.040022
19.025612,101,3203.094877
18.397377,102,3203.153719
22.315247,106,3203.210603
20.295743,107,3203.26542
19.396044,92,3203.310332
22.463086,108,3203.359197
19.652978,107,3203.409035
22.069243,101,3203.452918
21.295335,100,3203.4978
20.155824,102,3203.540685
20.392043,95,3203.581576
19.271115,102,3203.624459
21.097921,110,3203.699259
19.591042,102,3203.751122
19.674019,108,3203.803979
22.247688,109,3203.860829
17.816599,102,3203.91269
17.526923,102,3203.993473
18.571333,104,3204.057304
21.091393,98,3204.109164
21.116814,106,3204.162022
18.988827,104,3204.210924
17.741867,108,3204.261777
19.293798,109,3204.310658
20.538169,107,3204.356535
20.838957,96,3204.397392
19.102347,98,3204.439282
20.478266,101,3204.482167
18.814145,108,3204.527076
20.690591,97,3204.566938
20.467378,107,3204.609824
20.035049,94,3204.647756
18.257989,101,3204.688647
23.155178,114,3204.733495
20.913782,98,3204.77239
19.786988,103,3204.814277
22.252115,105,3204.869162
19.857186,103,3204.913048
18.06391,102,3204.954935
19.462806,104,3204.99682
18.745583,104,3205.039675
20.901311,97,3205.082559
19.155919,98,3205.124448
20.521606,103,3205.170326
19.838125,98,3205.216202
21.32028,102,3205.263077
18.244857,102,3205.310983
20.060021,94,3205.353873
19.554948,100,3205.397716
20.793052,105,3205.445588
19.826177,101,3205.489472
19.127307,86,3205.526407
20.174176,104,3205.571292
19.493758,108,3205.615167
21.649639,117,3205.663007
20.660387,103,3205.704928
19.427152,100,3205.74479
21.350661,99,3205.786676
18.070058,108,3205.829601
20.417628,95,3205.867461
21.335113,97,3205.906358
18.499181,97,3205.949241
21.51437,105,3205.991129
18.206915,99,3206.030025
19.36698,100,3206.069918
19.528768,103,3206.110809
20.905785,95,3207.389389
21.310657,97,3207.44524
19.98877,98,3207.504082
20.250739,99,3207.556941
18.156915,99,3207.605812
21.143061,97,3207.650691
20.180649,112,3207.702552
22.590156,109,3207.752418
23.133816,103,3207.7973
19.446731,96,3207.839188
18.826404,98,3207.881109
19.905587,105,3207.925987
19.454223,101,3207.96787
20.267775,101,3208.010729
20.62286,98,3208.053614
20.121597,102,3208.098494
22.227713,100,3208.140382
22.004633,96,3208.180309
19.191604,102,3208.225154
20.769196,101,3208.267077
20.027804,95,3208.306969
18.807696,95,3208.344835
21.218553,106,3208.391708
22.392653,110,3208.452546
21.396656,100,3208.504409
22.030649,99,3208.557265
20.841301,98,3208.609129
18.976312,98,3208.666972
19.181034,104,3208.722824
19.258987,95,3208.771692
20.829191,98,3208.8186
21.490063,108,3208.869465
19.909124,109,3208.917337
22.803944,97,3208.959222
21.625915,101,3209.003075
19.967015,95,3209.043964
18.608064,95,3209.084855
20.867524,90,3209.122755
20.840164,95,3209.161649
20.90433,107,3209.204534
24.442631,115,3209.25141
20.786067,110,3209.295293
22.15955,103,3209.336224
21.734723,96,3209.375114
18.474984,95,3209.412978
20.47045,97,3209.451874
20.063732,94,3209.490769
19.811502,107,3209.533654
21.177855,109,3209.587551
20.500892,91,3209.626406
19.906504,95,3209.666299
19.676747,108,3209.710222
19.456853,100,3209.751114
20.00231,104,3209.792999
22.435089,105,3209.834886
21.586513,105,3209.875739
18.236444,97,3209.915633
18.626105,104,3209.957558
20.436178,104,3209.999409
21.307356,105,3210.040301
18.909786,102,3210.080193
20.954405,92,3210.117095
21.780746,102,3210.157986
21.905909,107,3210.199904
19.943592,99,3210.238812
20.154613,102,3210.278661
22.48465,100,3210.318555
20.971939,111,3210.36144
22.569194,98,3210.40138
20.245541,98,3210.440229
20.654211,103,3210.48016
19.954138,103,3210.521013
22.746359,104,3210.562942
20.399046,100,3210.601797
19.560619,94,3210.638699
20.468113,91,3210.677594
21.378129,111,3210.721479
22.021868,101,3210.76137
21.799403,107,3210.803301
19.199385,100,3210.843153
19.861211,102,3210.883045
19.216994,104,3210.924979
22.543205,103,3210.985801
20.878887,105,3211.028657
18.804048,104,3211.07158
19.497031,102,3211.11347
18.838051,103,3211.154321
20.139287,100,3211.195211
21.288124,100,3211.236101
20.076494,100,3211.278029
21.478995,108,3211.32287
18.231983,101,3211.363761
19.516015,93,3211.399705
22.167846,95,3211.438559
17.780921,98,3211.477457
20.139786,91,3211.514397
22.047143,102,3211.556244
21.33692,101,3211.597135
18.779977,99,3211.638067
24.93454,113,3213.135021
20.103934,98,3213.189875
22.08505,101,3213.249715
21.477933,94,3213.298584
21.919033,103,3213.348451
21.376314,100,3213.395326
21.955742,106,3213.444195
21.63318,92,3213.485086
20.000106,99,3213.531995
22.363433,100,3213.576841
21.284149,99,3213.61876
22.640576,96,3213.658621
21.971597,95,3213.698516
21.321924,104,3213.741435
21.015874,92,3213.778335
20.331665,92,3213.818232
20.522661,98,3213.858087
20.056376,94,3213.895986
19.321187,100,3213.934882
21.975929,93,3213.971783
21.223748,103,3214.012674
23.766945,97,3214.050572
21.449757,104,3214.092499
20.480754,98,3214.131358
26.618049,105,3214.175241
20.295779,92,3214.212141
20.82488,98,3214.252034
20.446517,95,3214.296916
18.750397,102,3214.340797
22.283832,101,3214.382684
21.398695,99,3214.422606
21.519341,106,3214.465497
22.000707,106,3214.508384
21.102642,101,3214.54924
21.078575,93,3214.587138
22.153681,103,3214.628067
20.686419,98,3214.666959
21.313435,98,3214.704851
25.074555,110,3214.748705
20.605709,99,3214.789639
21.160245,101,3214.829526
20.765254,98,3214.868386
22.131652,97,3214.906325
21.191052,94,3214.943187
22.178669,104,3214.985073
19.96704,95,3215.022972
24.876472,108,3215.065858
20.913229,100,3215.104753
20.904775,100,3215.145644
20.784016,98,3215.196509
20.5771,104,3215.245377
19.98112,98,3215.296241
18.748756,96,3215.346108
20.505598,105,3215.411932
23.435224,102,3215.471771
24.750616,100,3215.520677
21.145883,99,3215.567552
18.872919,96,3215.612396
22.106556,99,3215.656318
23.440812,108,3215.703153
20.156591,99,3215.74903
20.591007,97,3215.789921
26.225848,117,3215.83879
20.051963,107,3215.88367
22.001822,99,3215.923563
21.213252,107,3215.968443
18.875686,95,3216.007339
22.028496,103,3216.049227
20.933206,98,3216.08912
22.465404,106,3216.132006
21.012277,95,3216.170941
22.289785,102,3216.213788
22.987661,101,3216.256672
20.984406,97,3216.299557
25.265922,95,3216.355447
19.83139,91,3216.394304
21.061318,100,3216.441222
20.935715,94,3216.483111
21.239241,96,3216.524001
20.28153,94,3216.564888
20.748049,95,3216.603745
22.855897,99,3216.64468
21.359973,106,3216.689567
20.224712,97,3216.728448
21.61249,106,3216.772293
21.928485,100,3216.813184
19.829986,92,3216.85112
18.495619,92,3216.888982
20.481373,96,3216.927879
20.348999,100,3216.969767
21.709397,103,3217.011691
21.546488,96,3217.049552
20.24476,96,3217.087491
21.31828,93,3217.127343
21.231705,97,3217.16624
21.747329,105,3217.208127
21.333425,94,3217.245029
24.886238,105,3217.288913
24.329748,98,3217.328848
27.198056,108,3217.37169
24.106078,103,3218.812836
19.326778,92,3218.885641
25.929555,115,3218.959443
20.077073,96,3219.011306
22.249979,99,3219.062169
23.819969,100,3219.111038
22.378461,101,3219.158912
21.582536,95,3219.201795
26.101134,106,3219.249706
24.193723,107,3219.295546
22.831305,94,3219.336435
22.7768,97,3219.377327
23.923793,97,3219.41722
20.451442,99,3219.45811
18.999099,96,3219.497005
22.293405,100,3219.5369
24.994707,107,3219.579837
21.822739,107,3219.622709
23.269608,97,3219.68155
21.196288,97,3219.721441
25.285388,99,3219.762336
22.698979,103,3219.805222
23.300692,102,3219.846071
20.701624,99,3219.885965
27.796281,120,3219.934883
26.414145,103,3219.976724
24.354098,109,3220.01965
21.906966,102,3220.059502
23.666092,106,3220.101389
23.96188,100,3220.140285
21.671813,97,3220.178185
27.691547,108,3220.222107
22.684236,96,3220.260004
23.601473,98,3220.297909
30.065599,110,3220.34078
27.580823,106,3220.382676
21.972391,92,3220.418542
23.136464,98,3220.458434
27.207326,103,3220.49937
21.756369,90,3220.536226
21.267913,92,3220.57213
26.833321,105,3220.614018
21.456974,102,3220.653954
26.918563,105,3220.69584
21.592215,103,3220.73669
21.96702,104,3220.777582
28.027358,118,3220.828485
20.524856,102,3220.86939
24.427597,103,3220.922228
25.108885,110,3220.970105
20.761523,96,3221.012995
28.588572,105,3224.454745
9830.257897,10000,3236.066688
9828.992415,10000,3242.065642
9818.156193,10000,3248.260076
9821.726757,10000,3253.993738
9834.273553,10000,3259.664572
9830.608519,10000,3265.207784
9826.393265,10000,3270.835741
9826.270618,10000,3276.482589
9824.962002,10000,3282.020775
9816.711701,10000,3287.677685
9817.870483,10000,3293.207855
9828.982849,10000,3299.473096
9818.764459,10000,3305.152906
9821.51924,10000,3310.777892
9811.264618,10000,3316.389851
9816.701443,10000,3322.023819
9818.48614,10000,3327.648735
9816.158008,10000,3333.303612
9814.625898,10000,3338.939536
25.267985,148,3340.279951
20.470605,126,3340.349765
16.982058,137,3340.435534
18.210522,123,3340.498367
22.074289,150,3340.576159
20.749097,158,3340.677886
21.05038,142,3340.760666
19.421534,113,3340.816515
19.985812,114,3340.870372
18.844371,144,3340.936195
17.988114,121,3340.991051
19.097486,148,3341.053918
24.97609,124,3341.105742
21.18305,107,3341.149625
20.87848,152,3341.211459
20.877395,111,3341.257337
19.280055,128,3341.3082
20.376239,168,3341.377016
20.434875,143,3341.433866
20.09224,117,3341.479742
18.737461,129,3341.531603
23.464166,134,3341.601416
18.940405,146,3341.662254
21.168233,147,3341.72214
20.084179,116,3341.767972
19.520017,109,3341.811854
22.67892,113,3341.857732
21.418097,110,3341.902653
19.21036,144,3341.958461
21.088222,122,3342.009327
22.806616,121,3342.058195
20.658209,112,3342.103113
19.873044,153,3342.16295
20.938384,158,3342.224795
21.333722,130,3342.275615
21.041106,106,3342.317545
20.770908,153,3342.377342
21.62326,107,3342.420226
17.97109,134,3342.473085
21.258406,141,3342.527939
27.75119,124,3342.576807
20.339304,136,3342.630665
20.182607,130,3342.682525
22.108977,118,3342.750345
20.481775,122,3342.801207
18.187506,122,3342.852116
20.951273,140,3342.914905
21.245029,193,3342.997723
21.633877,122,3343.053571
25.0573,121,3343.104398
19.949457,113,3343.151271
19.859425,122,3343.200142
21.434211,122,3343.250008
23.229942,134,3343.303903
19.877541,117,3343.351736
20.308685,138,3343.405591
21.348626,127,3343.455457
21.422636,121,3343.503329
21.253202,127,3343.553246
21.6165,153,3343.613087
24.764137,125,3343.664936
17.856046,128,3343.715804
21.600956,117,3343.760641
18.90009,153,3343.846411
20.397904,123,3343.908246
26.756266,137,3343.975111
27.770127,134,3344.062833
19.209817,134,3344.132684
18.924136,168,3344.210479
26.667817,125,3344.267325
19.90737,124,3344.320146
18.261807,135,3344.37799
21.708565,140,3344.438828
25.096528,159,3344.504691
21.034405,150,3344.564491
22.170902,162,3345.954773
9827.548656,10000,3355.754599
202.671178,335,3357.231611
9821.687996,10000,3367.615877
25.014732,137,3369.079921
175.230271,326,3374.68792
141.18894,290,3374.826591
155.992765,302,3374.96119
175.820583,324,3375.100816
9840.282758,10000,3384.342099
9820.885185,10000,3389.872499
9831.959718,10000,3395.437613
22.709913,102,3396.784012
23.988217,110,3396.842854
18.628769,94,3396.895714
21.39918,96,3396.946577
20.405084,102,3396.994451
22.319568,111,3397.044319
21.247791,98,3397.08923
21.599124,108,3397.13607
18.50719,108,3397.182976
18.127143,99,3397.224833
20.457708,97,3397.264728
24.04406,106,3397.308609
9820.911037,10000,3406.531973
167.506936,316,3407.964109
128.256599,304,3413.557149
9840.886349,10000,3423.753876
9830.705504,10000,3429.731888
