episode,rewards,VL,PL*1e7
0,303.7719488888979,1.069158710539341,-0.8719507604837418
1,439.25356286764145,0.493090009316802,0.008149072527885437
2,275.01859937235713,0.14852048456668854,-0.40745362639427185
3,263.57837726920843,0.7453134814277291,-0.1327134668827057
4,263.17684736289084,0.38025861140340567,-0.5424953997135162
5,265.15401952527463,1.3832735382020473,0.027939677238464355
6,247.52236195188016,0.18176995031535625,-0.21187588572502136
7,250.44244936853647,0.5993683096021414,-0.47031790018081665
8,293.495298627764,0.5983453630469739,0.4132743924856186
9,403.40143463015556,2.6898338980972767,-0.02561137080192566
10,264.0862382128835,2.3904737066477537,0.08149072527885437
11,329.4465742111206,2.0958809088915586,-0.2718297764658928
12,277.4764736890793,2.0581290908157825,-0.013969838619232178
13,251.47116257995367,0.6115217451006174,-0.1909211277961731
14,234.34937770664692,0.5515925902873278,-0.1816079020500183
15,292.6117080152035,0.05987922428175807,0.4959292709827423
16,348.18021427094936,0.4869013326242566,0.004656612873077393
17,411.24870988726616,2.0703160855919123,0.21886080503463745
18,320.658033631742,0.3558081155642867,0.05587935447692871
19,208.19324612990022,0.6748579330742359,0.29103830456733704
20,262.0944461170584,0.09331158665008843,-0.17578713595867157
21,307.41347155347466,0.6655673738569021,0.02444721758365631
22,316.1925878971815,0.4343976667150855,0.16996636986732483
23,456.6435064561665,4.601161614060402,-0.33993273973464966
24,294.8594843558967,0.2587178247049451,-0.17462298274040222
25,390.0519257262349,0.10409009899012744,0.06984919309616089
26,247.67021058686078,7.016449570655823,0.46100467443466187
27,382.66816388070583,0.23805844294838607,0.29569491744041443
28,178.27678750734776,0.13936925935558975,-0.15133991837501526
29,415.1722501050681,7.559735655784607,-0.2514570951461792
30,278.17090900056064,0.07490022340789437,-0.046566128730773926
31,223.6942813117057,0.09878193610347807,-0.27939677238464355
32,272.18564673513174,0.14138876181095839,-0.0651925802230835
33,269.2531666085124,0.11285374034196138,-0.09313225746154785
34,514.647092692554,1.6900946386158466,-0.35623088479042053
35,348.94874686654657,0.21015730034559965,-0.03259629011154175
36,423.9320788010955,6.940726447850466,0.11408701539039612
37,245.38694641180336,0.08318843832239509,0.13969838619232178
38,383.4236302897334,0.2658322164788842,-0.16647391021251678
39,629.8875195682049,17.933322571218014,-0.4353933036327362
40,448.3696632795036,1.876055946573615,0.04307366907596588
41,338.5366796962917,0.11909342324361205,0.7927883416414261
42,585.9025998413563,0.7807189077138901,-0.3119930624961853
43,369.0817879885435,0.24613513238728046,-0.40279701352119446
44,341.2437777519226,0.09886188246309757,0.24621840566396713
45,349.81169264018536,0.15360436728224158,-0.19790604710578918
46,545.6111133098602,9.696799285709858,0.27474015951156616
47,421.2488007694483,0.6804312928579748,0.22351741790771484
48,560.3570280373096,14.481505259871483,0.11408701539039612
49,516.1383434534073,12.253372699022293,0.006984919309616089
50,577.402513384819,12.485650382936,0.14668330550193787
51,526.733781337738,6.883658155798912,0.0628642737865448
52,613.7292965650558,5.219639129936695,0.13504177331924438
53,658.0396784842014,9.37103645503521,-0.20256265997886658
54,603.8142404854298,12.77133622020483,0.05820766091346741
55,301.6883886680007,1.5906639266759157,0.11641532182693481
56,591.3267059922218,25.588242381811142,-0.20721927285194397
57,336.89048647880554,1.1168692521750927,-0.5913898348808289
58,542.4410079717636,11.394402902573347,0.29336661100387573
59,238.42159590870142,0.5268701771274209,0.026775524020195007
60,581.0204477757215,1.0697594862431288,0.1816079020500183
61,419.42438566684723,6.85847894102335,-0.03841705620288849
62,247.01911992579699,0.7631208971142769,0.21420419216156006
63,592.1530903503299,0.21548969950526953,0.5087349563837051
64,660.0395675897598,21.731713578104973,-0.21420419216156006
65,275.568039059639,0.16442902758717537,-2.1816231310367584
66,289.02230913192034,0.19743805099278688,-1.1012889444828033
67,363.51953180134296,0.1780047076754272,0.2561137080192566
68,579.9883190095425,17.063063383102417,0.3236345946788788
69,555.1578333973885,2.4596975594758987,0.046566128730773926
70,357.754301905632,0.3229973893612623,0.705476850271225
71,408.30975982546806,23.24829985946417,0.020954757928848267
72,651.5129040032625,9.620774447917938,0.05820766091346741
73,249.3576768487692,0.5309884920716286,0.2980232238769531
74,197.07051027566195,0.5220754873007536,-0.25494955480098724
75,257.3467742651701,0.18979489896446466,0.07217749953269958
76,214.9864803403616,0.32131167966872454,0.016298145055770874
77,244.55050246417522,0.850581917911768,-0.09080395102500916
78,458.88877260684967,15.894317284226418,-0.09313225746154785
79,543.0604872703552,12.77013599127531,0.23283064365386963
80,235.36592074483633,0.3711661482229829,0.4493631422519684
81,355.1076762378216,7.3330617398023605,-0.0314321368932724
82,548.3920913636684,19.868602335453033,-0.08381903171539307
83,390.5361955538392,0.2507162755355239,-0.8987262845039368
84,368.38465090095997,0.18580404948443174,-0.17229467630386353
85,211.92178493738174,0.09316649823449552,0.0034924596548080444
86,238.63720605522394,0.11197578255087137,-0.20023435354232788
87,238.65644486248493,0.3437233241274953,0.1257285475730896
88,611.2536851838231,0.5921299159526825,-0.40105078369379044
89,293.95670496299863,9.972013592720032,-0.04889443516731262
90,286.1492255833,0.18940011085942388,-0.25960616767406464
91,309.63270861655474,0.3670160733163357,-0.016298145055770874
92,242.15382310003042,7.182182759046555,0.03725290298461914
93,209.97711950540543,0.6598851606249809,-0.15366822481155396
94,197.47978142276406,0.10958256991580129,0.07566995918750763
95,204.31995337456465,0.7745981682091951,0.130385160446167
96,238.6929843761027,0.26271030493080616,-0.02561137080192566
97,364.20863319933414,0.2692508650943637,0.16647391021251678
98,292.8834135308862,0.24518680153414607,-0.09546056389808655
99,244.97135453671217,0.4239684510976076,-0.22351741790771484
100,261.4487578831613,0.11598461796529591,-0.030267983675003052
101,298.0326377302408,1.3224501013755798,0.05005858838558197
102,276.8375202678144,0.10465628316160291,0.03725290298461914
103,561.4231145381927,0.6970667354762554,0.4383036866784096
104,371.97186560183764,1.5353194922208786,-0.07683411240577698
105,284.3377519994974,0.17697629239410162,0.02444721758365631
106,500.33336663246155,9.768378376960754,-0.03259629011154175
107,278.5091637670994,0.09198021260090172,-0.11757947504520416
108,275.6375016272068,0.2899786280468106,-0.2514570951461792
109,330.90454602241516,3.282827688381076,0.3119930624961853
110,285.3586608991027,0.13629238633438945,-0.0628642737865448
111,239.36989161372185,1.4074601233005524,0.013969838619232178
112,369.9924625456333,8.88928797096014,0.08381903171539307
113,376.1698797047138,3.1286333482712507,0.10244548320770264
114,275.34501683712006,0.2573750256560743,0.047730281949043274
115,393.9437531977892,4.921815011650324,-0.03608874976634979
116,426.57673344016075,6.470570228993893,-0.03259629011154175
117,323.8968348875642,5.569658737629652,0.027939677238464355
118,432.2587458640337,0.21734398696571589,0.5762558430433273
119,538.6519576013088,4.678461790084839,-0.33585820347070694
120,414.8335108458996,3.7750691026449203,-0.004656612873077393
121,273.96932020783424,0.3160264091566205,0.05587935447692871
122,373.70732459425926,8.523257359862328,-0.1862645149230957
123,317.7872364372015,3.3970935232937336,0.04423782229423523
124,368.0475097298622,2.927396921440959,-0.20721927285194397
125,395.26577350497246,2.032051312737167,-0.023283064365386963
126,608.8997667729855,2.57939275726676,0.1257285475730896
127,258.2063157558441,0.08179511618800461,-0.341096892952919
128,352.5915286540985,8.318776726722717,0.004656612873077393
129,230.56506742537022,0.48755822144448757,-0.183936208486557
130,343.96144738793373,7.834262182936072,-0.183936208486557
131,526.4940539747477,3.0164073705673218,-0.05704350769519806
132,214.6769898161292,0.12845712760463357,0.03958120942115784
133,328.31045285612345,0.25359384063631296,0.05471520125865936
134,405.75466495752335,2.2627415154129267,0.12514647096395493
135,260.6311239898205,6.543840384110808,-0.3026798367500305
136,280.8069969266653,0.6303086653351784,0.07334165275096893
137,347.1570883244276,4.588422881439328,0.21653249859809875
138,324.2708039432764,4.830979522317648,-0.23865140974521637
139,236.77411851286888,0.5043765623122454,-0.12107193470001221
140,229.10454277694225,0.42376567237079144,0.05587935447692871
141,401.74419151991606,1.4928519055247307,0.4866160452365875
142,510.7150318622589,7.206629794090986,0.21653249859809875
143,485.0861762613058,3.533162895590067,0.05122274160385132
144,570.5109820365906,3.3053283095359802,-0.20489096641540527
145,429.987586915493,4.615150321274996,-0.3236345946788788
146,354.4907165467739,5.233023274689913,0.19674189388751984
147,590.406672090292,4.565868277102709,-0.4866160452365875
148,444.56642547249794,13.066064104437828,0.19208528101444244
149,646.0404778420925,4.785582430660725,-0.6449408829212189
150,431.9761006087065,9.211631707847118,-0.10011717677116394
151,271.9966238886118,4.220175836235285,0.3026798367500305
152,432.04277531802654,3.253029791638255,-0.16763806343078613
153,484.08416743576527,3.6606826074421406,0.11641532182693481
154,432.02314814925194,3.8383022621273994,-0.07450580596923828
155,442.09086033701897,2.2665682286024094,0.3300374373793602
156,246.34905895590782,0.5405372735112906,0.15832483768463135
157,441.5744428932667,4.157316841185093,-0.13969838619232178
158,476.12819604575634,7.351780518889427,0.016007106751203537
159,487.9808699786663,7.186545765027404,0.19790604710578918
160,709.608049094677,7.590104475617409,0.20721927285194397
161,370.96658688783646,4.530803069472313,-0.12107193470001221
162,695.5717262625694,14.76495636999607,-0.060535967350006104
163,239.3132894784212,1.8791059739887714,0.1257285475730896
164,555.203628718853,3.020157113671303,0.03259629011154175
165,402.2613589465618,17.664910381659865,0.10710209608078003
166,438.6582605242729,5.137379042804241,0.09313225746154785
167,282.1501583456993,1.2039868864230812,-0.0651925802230835
168,460.46809846162796,6.945989549160004,-0.0314321368932724
169,412.8359162658453,2.924910493195057,0.33993273973464966
170,283.22482377290726,5.1871313489973545,-0.011641532182693481
171,712.4096316993237,7.374488860368729,-0.29336661100387573
172,262.34466095268726,7.52298378944397,-0.5972106009721756
173,261.38056360185146,0.39805139414966106,-0.48195943236351013
174,595.3299205005169,7.229180280119181,0.20838342607021332
175,407.2830990552902,6.602159768342972,0.42142346501350403
176,586.6601328551769,7.457755085080862,0.07916241884231567
177,367.4942544102669,13.056805580854416,0.17695128917694092
178,277.2160615622997,7.890754446387291,-0.3096647560596466
179,402.16080075502396,6.342259120196104,-0.0651925802230835
180,326.01464852690697,5.626134641468525,0.0034924596548080444
181,532.2167271077633,1.8671592567116022,0.314321368932724
182,302.12745627760887,10.979351177811623,-0.0651925802230835
183,607.0230954289436,7.285361906513572,0.20954757928848267
184,501.4157829582691,5.8929920718073845,-0.14435499906539917
185,693.9907516539097,12.321774572134018,-0.07450580596923828
186,116.88390862941742,0.5462624523788691,0.15366822481155396
187,173.04437629505992,0.22437904309481382,0.07450580596923828
188,331.887317687273,8.74454003572464,-0.12223608791828156
189,280.7380869984627,5.966060617938638,0.40978193283081055
190,588.3323390334845,3.4200673922896385,0.2584420144557953
191,237.3500248864293,6.697077311575413,0.20023435354232788
192,510.8747562766075,8.7095165848732,-0.13969838619232178
193,445.84893848001957,2.3493821397423744,-0.05122274160385132
194,445.96253126859665,12.784830123186111,0.01862645149230957
195,614.0854933261871,11.15480538085103,0.260770320892334
196,337.9709846377373,4.668634809553623,-0.009313225746154785
197,141.71680665016174,0.4271929431706667,0.16298145055770874
198,248.2049584724009,0.625559214502573,-0.034924596548080444
199,168.5394294988364,5.38258158788085,0.03725290298461914
200,398.54262643679976,0.5784011967480183,0.5902256816625595
201,339.8961091786623,8.441623542457819,0.03259629011154175
202,237.36178667098284,4.740952640771866,-0.15832483768463135
203,354.33912144601345,4.274207271635532,-0.060535967350006104
204,144.57157351262867,0.1860335385426879,0.046566128730773926
205,311.00187833607197,0.5563040096312761,0.8102506399154663
206,636.7294180244207,4.094834953546524,-0.35390257835388184
207,170.96987434476614,0.5991498590447009,0.08731149137020111
208,322.5691479295492,0.775713874027133,-0.3306195139884949
209,192.13119980692863,3.363494724035263,-0.27706846594810486
210,240.37279799953103,1.4747812384739518,0.11990778148174286
211,152.26866661943495,0.13016391498968005,-0.17229467630386353
212,399.18931126594543,0.32190522737801075,0.10826624929904938
213,133.68497796356678,0.2086642337962985,0.21420419216156006
214,199.25924774818122,0.2651767609640956,0.2759043127298355
215,418.20216596126556,5.589712209999561,-0.21187588572502136
216,602.0826341509819,2.511843629181385,-0.28870999813079834
217,580.9136942923069,1.8309563715010881,0.5564652383327484
218,352.2120500728488,3.3027925603091717,0.011641532182693481
219,523.3172896802425,4.252029404044151,-0.33760443329811096
220,224.04258966445923,6.0211740136146545,-0.14901161193847656
221,307.3481805771589,1.427856869995594,0.16763806343078613
222,349.0007598102093,9.230787709355354,-0.12732925824820995
223,335.3978870436549,1.199903829023242,-0.13504177331924438
224,223.35139425098896,1.0599924754351377,-0.2223532646894455
225,342.5225091576576,1.7911757696419954,0.01862645149230957
226,411.1792097091675,1.1498022451996803,0.12107193470001221
227,525.2975476980209,3.119496665894985,-0.12107193470001221
228,167.04485689476132,0.30664908420294523,0.05587935447692871
229,259.53567057847977,1.9206103272736073,-0.09778887033462524
230,170.28549326583743,0.389989310875535,-0.10943040251731873
231,434.0335857272148,0.738195264711976,-0.4912726581096649
232,266.69833789765835,2.2060351967811584,0.10710209608078003
233,386.7687660306692,0.7076321169734001,-0.04889443516731262
234,195.92215145379305,0.4316744292154908,-0.47730281949043274
235,199.9792127944529,8.160402551293373,-0.0651925802230835
236,299.2015002965927,1.3062625080347061,-0.2677552402019501
237,279.60869037359953,1.339420609176159,-0.35157427191734314
238,244.14339113235474,0.8381155990064144,0.020954757928848267
239,217.5472433194518,0.7719193957746029,-0.05122274160385132
240,291.76637606322765,0.7865371480584145,-0.11408701539039612
241,315.45913526415825,0.19160311110317707,-0.09313225746154785
242,225.47653099149466,1.2226035967469215,0.004656612873077393
243,235.27383119612932,0.26987228728830814,-0.07450580596923828
244,290.0901273265481,0.4779808260500431,-0.13737007975578308
245,176.27634837292135,0.23635767586529255,-0.04307366907596588
246,174.1702489387244,0.25200644275173545,0.009313225746154785
247,209.79697158187628,5.780060954391956,-0.27241185307502747
248,225.78444997780025,0.1753578414209187,0.15366822481155396
249,297.03715778142214,0.7290698895230889,0.21886080503463745
250,273.5549931973219,3.328422162681818,0.046566128730773926
251,579.031402207911,2.0363056547939777,-0.5669426172971725
252,230.59742703661323,9.233245700597763,0.06984919309616089
253,259.1165537163615,0.702516152523458,-0.16763806343078613
254,190.81345787644386,0.09575019218027592,0.12922100722789764
255,251.9322528168559,0.6486189905554056,-0.1885928213596344
256,205.31391549110413,0.39347127918154,-0.2468004822731018
257,256.9895588904619,0.18909565825015306,-0.3795139491558075
258,436.1958647221327,1.5841630324721336,0.3119930624961853
259,458.94414403289557,18.00677002221346,-0.09546056389808655
260,227.07335767149925,10.518139220774174,-0.17695128917694092
261,143.75197137705982,0.2844306332990527,-0.03259629011154175
262,220.72814355790615,0.4332294166088104,0.3259629011154175
263,309.34655402600765,2.959848016500473,0.14901161193847656
264,482.08889040350914,8.898846194148064,-0.1816079020500183
265,393.9142474979162,2.9490396305918694,-0.1862645149230957
266,272.5660699903965,1.101632121950388,-0.7485505193471909
267,599.2569414526224,16.059866592288017,0.004656612873077393
268,219.6362510174513,1.1651842147111893,0.16763806343078613
269,245.2539381235838,4.021395318210125,0.046566128730773926
270,184.30542093515396,2.46691095456481,0.2491287887096405
271,144.399779856205,0.22375322273001075,0.16298145055770874
272,235.34814525023103,4.221959970891476,0.017462298274040222
273,236.52552902698517,2.516689471900463,0.20489096641540527
274,294.88312497362494,0.651201793923974,-0.5634501576423645
275,628.7250279933214,11.226085886359215,0.6728805601596832
276,195.73500062525272,1.427331067621708,0.046566128730773926
277,201.41584710031748,3.157369986176491,-0.23981556296348572
278,244.25537461787462,2.150793619453907,-0.08847564458847046
279,401.76108043268323,2.967924192547798,-0.16763806343078613
280,425.16454576700926,14.129931390285492,-0.027939677238464355
281,242.63644372671843,0.619675362482667,-0.6263144314289093
282,242.31280658766627,1.179594786837697,0.20489096641540527
283,266.32853642851114,0.949385941028595,-0.34691765904426575
284,248.00759502500296,1.2945166192948818,0.0023283064365386963
285,611.0082392394543,8.600930988788605,-0.09546056389808655
286,190.96078259125352,1.3749733064323664,0.20489096641540527
287,331.1155130267143,0.4753756644204259,-0.27706846594810486
288,648.3777296692133,22.24063865840435,0.16880221664905548
289,254.20077067241073,0.6618237774819136,-0.2980232238769531
290,359.5883888453245,1.8262649290263653,0.046566128730773926
291,245.2729866541922,0.992053434252739,0.08003553375601768
292,386.14138469845057,0.2720025833696127,-0.2491287887096405
293,310.5527854412794,1.8033074587583542,0.2630986273288727
294,216.07883567735553,0.45686111971735954,-0.03725290298461914
295,264.02454056032,0.35186695493757725,0.07217749953269958
296,251.66334356740117,1.7434575706720352,0.08149072527885437
297,395.818372130394,0.8109584841877222,-0.046566128730773926
298,558.1997326463461,7.16024086996913,-0.34924596548080444
299,256.01648814976215,0.4206938538700342,0.09313225746154785
300,323.08994945138693,0.7696839794516563,0.11408701539039612
301,257.9193677864969,0.3383024213835597,0.15599653124809265
302,258.75640780478716,0.5583766419440508,-0.11292286217212677
303,254.02737497538328,0.3203303776681423,0.23283064365386963
304,279.6257983148098,0.40807657688856125,-0.20605511963367462
305,425.21571784466505,0.464204303920269,-0.06984919309616089
306,231.27812047488987,0.4815964102745056,0.046566128730773926
307,185.56873179972172,0.4015713967382908,0.10011717677116394
308,418.01880165189505,0.35922642797231674,0.013969838619232178
309,219.9472981840372,0.47903015837073326,-0.1816079020500183
310,245.77337915450335,0.327419763430953,0.08731149137020111
311,358.5822479426861,0.5085768550634384,-0.08381903171539307
312,420.06521981954575,0.3768940903246403,-0.5261972546577454
313,315.8510260693729,0.44383974466472864,0.027939677238464355
314,439.86013013124466,0.4746692795306444,0.13969838619232178
315,405.8629655241966,0.2798855872824788,0.5308538675308228
316,304.66045424342155,0.6041716765612364,-0.06868503987789154
317,351.9531580582261,0.13636829191818833,-0.23283064365386963
318,331.0204901471734,1.180572036653757,0.07450580596923828
319,403.3809573352337,0.39034930523484945,0.4912726581096649
320,309.87254498898983,0.24792172200977802,-0.011641532182693481
321,265.03006913512945,0.603709252551198,-0.08149072527885437
322,223.77876415103674,1.6721058674156666,-0.08381903171539307
323,179.65855169668794,1.1370021551847458,-0.08847564458847046
324,211.06073040515184,0.2542196111753583,0.20780134946107864
325,165.72821482736617,0.5162761164829135,-0.02561137080192566
326,193.85745045915246,0.3928612000308931,0.2491287887096405
327,386.98883191589266,1.1436596475541592,-0.01862645149230957
328,267.0143784545362,0.3944248305633664,0.06402842700481415
329,259.27705032378435,0.6345444917678833,-0.034924596548080444
330,258.9685456007719,0.2744152173399925,0.23981556296348572
331,217.05030119791627,0.4572694059461355,-0.05122274160385132
332,352.94733902812004,1.9280283991247416,0.15366822481155396
333,238.7210577391088,0.4731316398829222,0.29569491744041443
334,288.46373431384563,3.6687568612396717,0.183936208486557
335,252.19352908432484,1.6826531179249287,0.04889443516731262
336,380.01934622973204,0.1766729666851461,-0.05122274160385132
337,501.1928414404392,1.0599881578236818,-0.11641532182693481
338,240.2240989599377,2.1819319874048233,-0.06984919309616089
339,367.8462079167366,4.306703455746174,0.21420419216156006
340,353.39759704470634,5.346004970371723,0.02561137080192566
341,164.57671215198934,0.5266337022185326,-0.4062894731760025
342,226.64585245028138,0.31217511277645826,0.7066410034894943
343,306.1739340554923,0.44591283798217773,-0.521540641784668
344,434.15953835844994,0.6562960287556052,0.05122274160385132
345,264.6338579598814,4.635288782417774,0.20954757928848267
346,268.0477408040315,0.649061918258667,0.05005858838558197
347,263.2969895116985,0.2938249157741666,-0.3841705620288849
348,191.05664783343673,0.3122316738590598,0.10710209608078003
349,256.5076623521745,0.3338862955570221,0.20954757928848267
350,209.08866984769702,0.4256521351635456,-0.1525040715932846
351,288.5811991915107,0.28445114847272635,-0.10419171303510666
352,444.6185360252857,2.9323595389723778,0.13504177331924438
353,284.7965069115162,5.1280004270374775,-0.16763806343078613
354,385.5294215977192,1.4777400642633438,-0.20954757928848267
355,551.1088660359383,3.932718066498637,-0.04190951585769653
356,307.58739545941353,0.1442181933671236,-0.10710209608078003
357,398.4560931622982,0.4286785516887903,-0.130385160446167
358,227.13495937734842,0.42791238706558943,-0.3213062882423401
359,238.08433285728097,0.1917832917533815,0.5797483026981354
360,334.74890364706516,0.4831737130880356,0.41211023926734924
361,192.5265930481255,0.3726653652265668,-0.11990778148174286
362,201.60275806300342,0.598498810082674,-0.023283064365386963
363,204.51544726081192,0.26108647137880325,-0.29336661100387573
364,131.55923570506275,1.256246566772461,0.03725290298461914
365,574.9488411545753,2.686660997569561,-0.7031485438346863
366,499.8750415146351,1.2615864612162113,-0.2980232238769531
367,209.60101821273565,0.7399255372583866,0.2654269337654114
368,562.2000526189804,3.5377028696238995,0.05122274160385132
369,245.0993546396494,0.4128356324508786,-0.2514570951461792
370,405.2773303389549,6.331373227760196,0.0
371,414.1920018941164,7.4725257605314255,0.08847564458847046
372,423.74749898165464,1.1021698601543903,0.3934837877750397
373,328.02680163178593,15.820962905883789,-0.28172507882118225
374,273.4562819302082,1.0708621218800545,-0.4516914486885071
375,607.4576932787895,12.060921899974346,0.2537854015827179
376,331.5159273147583,0.6102855885401368,-0.29569491744041443
377,669.4628624916077,13.464420542120934,-0.19790604710578918
378,291.49109417945147,0.8006359860301018,0.21420419216156006
379,563.1003314554691,18.70175212621689,-0.34458935260772705
380,469.59087209403515,4.247819367796183,-0.19674189388751984
381,532.3561030328274,4.869514852762222,-0.013969838619232178
382,629.8977045714855,12.218249522149563,0.17462298274040222
383,690.1481052935123,14.435764528810978,0.45867636799812317
384,662.6075793504715,7.218782149255276,-0.4377216100692749
385,530.1318190842867,10.255040258169174,0.0942964106798172
386,524.4097124934196,9.336887918412685,-0.060535967350006104
387,432.5648565068841,0.847644304856658,0.3003515303134918
388,353.49077793955803,6.430442653596401,0.1327134668827057
389,623.3353063613176,1.1274310685694218,0.3166496753692627
390,205.15107043087482,1.1143389269709587,0.19790604710578918
391,159.68219516426325,1.9131936579942703,-0.08149072527885437
392,412.9663658067584,1.3138252012431622,0.4575122147798538
393,223.0971839390695,2.569630227982998,-0.13969838619232178
394,255.82269391790032,0.652806555852294,0.0651925802230835
395,443.7649406194687,2.4735614359378815,-0.05820766091346741
396,537.0011641532183,8.409730985760689,-0.22584572434425354
397,362.47115805745125,0.6842503268271685,0.11641532182693481
398,572.1408216655254,5.853766940534115,0.16065314412117004
399,612.9095453619957,7.987865924835205,0.2561137080192566
400,408.5452318266034,8.114577323198318,0.14435499906539917
401,459.93914046138525,1.2208306677639484,0.12107193470001221
402,477.42483769357204,7.906739670783281,0.013969838619232178
403,497.57690278440714,2.037428006529808,-0.20954757928848267
404,669.8835973441601,8.579210042953491,0.28405338525772095
405,472.2379596531391,3.2363361977040768,0.08847564458847046
406,539.3455621302128,8.31016318500042,0.1862645149230957
407,711.2396948635578,5.019778214395046,-0.15366822481155396
408,631.0531255602837,7.347014337778091,-0.16763806343078613
409,609.4448796212673,6.265233337879181,0.6426125764846802
410,242.11911419406533,3.828827952966094,0.023283064365386963
411,196.07368175312877,0.6563095729798079,0.10710209608078003
412,154.53333047777414,1.1282051838934422,0.1862645149230957
413,197.38330915942788,0.5473247896879911,-0.03259629011154175
414,591.3425997495651,6.069040454924107,0.18510036170482635
415,229.1913029551506,0.5272533036768436,-0.13969838619232178
416,619.2444458901882,6.241645596921444,0.04423782229423523
417,210.21800491213799,1.1785166934132576,-0.3632158041000366
418,301.6384575031698,3.3460852950811386,0.08149072527885437
419,446.87244848906994,7.316941037774086,0.28638169169425964
420,514.1895029991865,5.102322831749916,0.05122274160385132
421,548.2949471175671,10.023562759160995,0.3608874976634979
422,295.86816995963454,0.9562651664018631,0.22351741790771484
423,487.29021602869034,10.959253743290901,0.16996636986732483
424,269.77866974473,3.8220697604119778,-0.009313225746154785
425,245.6935187354684,0.862297298386693,-0.1391163095831871
426,465.8241390436888,7.407731279730797,-0.04190951585769653
427,687.0613321065903,3.65605528652668,-0.5820766091346741
428,584.1288100481033,7.11724279075861,-0.1955777406692505
429,443.9311437010765,4.595542907714844,0.03958120942115784
430,510.2838218510151,7.577799946069717,-0.31548552215099335
431,267.9721757993102,1.0005068015307188,0.10477378964424133
432,417.67747563123703,7.641556024551392,0.35390257835388184
433,485.70615515112877,9.183496989309788,0.04889443516731262
434,391.8434627056122,3.565068356692791,-0.1932494342327118
435,498.7893835902214,2.6358445547521114,-0.046566128730773926
436,547.8707234561443,9.587023578584194,-0.05587935447692871
437,432.9752456843853,1.488538682460785,-0.41443854570388794
438,440.8510534763336,5.464057568460703,-0.15832483768463135
439,292.33523438870907,3.6404562182724476,-0.17695128917694092
440,297.64645333588123,1.387859359383583,0.04190951585769653
441,271.872629314661,0.8830879665911198,-0.13737007975578308
442,541.7140682265162,2.2566137574613094,0.2654269337654114
443,757.622982531786,10.738250337541103,-0.47497451305389404
444,537.036331474781,6.384828679263592,0.013969838619232178
445,560.4790153801441,3.9533383548259735,0.3504101186990738
446,632.0684994757175,8.924312390387058,-0.13504177331924438
447,552.4424214661121,12.875955581665039,0.16530975699424744
448,222.45636480674148,8.913122728466988,0.13504177331924438
449,414.7938472740352,1.6896397396922112,0.183936208486557
450,246.39991001039743,11.15199288725853,-0.16763806343078613
451,327.8092015236616,2.763669766485691,0.09546056389808655
452,694.8913634419441,1.760019525885582,0.551808625459671
453,296.95884135365486,14.265318974852562,-0.1862645149230957
454,150.5675149001181,0.9834924470633268,0.1816079020500183
455,567.2182336375117,1.7969326600432396,-0.19674189388751984
456,496.1607162952423,8.153040707111359,-0.03259629011154175
457,476.64542907476425,2.3976515270769596,0.09778887033462524
458,425.60580879449844,9.000567302107811,0.14202669262886047
459,302.9686532318592,2.558831088244915,0.13504177331924438
460,261.5264416113496,2.436298217624426,0.23050233721733093
461,460.1231004372239,1.9980041682720184,-0.20489096641540527
462,414.92661387473345,13.14342936873436,0.004656612873077393
463,131.71631168574095,1.0666000004857779,-0.059371814131736755
464,131.84457456786186,7.037767969071865,0.009313225746154785
465,628.705184161663,4.966065987944603,-0.09546056389808655
466,523.27847635746,1.8968563228845596,0.1327134668827057
467,199.3385148262605,2.529355876147747,-0.060535967350006104
468,481.0004589855671,5.055499538779259,-0.4936009645462036
469,476.7140109986067,7.886562921106815,-0.05122274160385132
470,274.10182378441095,2.5975614562630653,0.10011717677116394
471,326.6595721915364,1.5364824030548334,-0.15541445463895798
472,577.7220340371132,2.5291631296277046,0.6379559636116028
473,442.8457438349724,2.000391613692045,0.046566128730773926
474,432.17660008370876,4.607308831065893,-0.07450580596923828
475,422.0868885219097,2.0666182041168213,0.013969838619232178
476,606.5385755896568,10.95969732105732,0.08847564458847046
477,209.9430732484907,0.4621347477659583,0.22817403078079224
478,470.8896863013506,2.2686343789100647,0.20954757928848267
479,209.60464587062597,0.8863922180607915,0.06984919309616089
480,188.69542261958122,0.9288880862295628,-0.6565824151039124
481,208.22503274027258,1.160675646737218,-0.498257577419281
482,534.7023435235023,2.5471042320132256,0.10710209608078003
483,553.9493619799614,11.22199922800064,-0.006984919309616089
484,348.9388259202242,3.0834482610225677,-0.22351741790771484
485,419.1299017071724,1.2621351331472397,-0.1932494342327118
486,400.7841103076935,1.385486215353012,0.008149072527885437
487,401.40650019049644,7.161978475749493,0.09313225746154785
488,212.9733755737543,0.5945257060229778,-0.08381903171539307
489,228.54721515625715,1.4947643987834454,0.3725290298461914
490,238.2050463669002,0.8094635866582394,-0.21886080503463745
491,433.6503359526396,3.9947742968797684,-0.10244548320770264
492,269.8838129788637,3.8389828838407993,-0.034924596548080444
493,259.8847314789891,3.1962553448975086,-0.027939677238464355
494,248.49447393417358,3.748448844999075,-0.006984919309616089
495,143.43715150281787,0.8828630987554789,0.11874362826347351
496,220.82120653335005,1.4590053744614124,0.02561137080192566
497,223.13746949657798,0.7490389719605446,0.07508788257837296
498,137.76290660351515,0.8359126821160316,-0.41443854570388794
499,296.5702445693314,0.3178387088701129,-0.1257285475730896
500,253.5154289379716,0.48398968763649464,-0.17695128917694092
501,259.06765726953745,0.6042754277586937,0.17113052308559418
502,244.1728257611394,4.216276563704014,-0.004656612873077393
503,232.45533088967204,0.5491321794688702,-0.3166496753692627
504,153.20213053002954,0.8840013332664967,0.047730281949043274
505,292.29597383737564,2.012751244008541,-0.21420419216156006
506,211.216216057539,0.359608787111938,0.4260800778865814
507,174.528157399036,0.3411169135943055,0.6076879799365997
508,278.2361906170845,0.5303750792518258,0.13504177331924438
509,351.6489164531231,1.357512816786766,-0.17578713595867157
510,232.00094077549875,0.37380922492593527,0.16996636986732483
511,397.2451041638851,7.367437720298767,-0.3864988684654236
512,350.3665867894888,5.6541163474321365,-0.25960616767406464
513,226.45360611379147,0.21830229554325342,0.4621688276529312
514,304.46502362191677,0.5533954557031393,-0.28870999813079834
515,466.9025657773018,3.5780180543661118,-0.027939677238464355
516,628.1993578672409,33.760652989149094,-0.03725290298461914
517,382.0378705859184,5.95696372911334,-0.013969838619232178
518,374.2382079064846,7.297104775905609,0.10244548320770264
519,262.20137107372284,2.274900399148464,-0.22817403078079224
520,280.9597937911749,2.4305387511849403,-0.20023435354232788
521,294.2064525783062,1.8043112363666296,0.013969838619232178
522,254.3408510312438,4.775827623903751,-0.15832483768463135
523,270.6213674172759,3.699656341224909,-0.011641532182693481
524,418.7722257524729,5.7503447607159615,0.0651925802230835
525,315.757445782423,3.8785523399710655,-0.1280568540096283
526,214.99367839843035,3.010182786732912,0.2491287887096405
527,278.05219603329897,0.8000716716051102,0.04889443516731262
528,435.6617338359356,1.6359639130532742,0.11175870895385742
529,307.70452935248613,14.573312141001225,-0.1257285475730896
530,301.36860927939415,2.4154776260256767,-0.14901161193847656
531,400.72724866867065,8.001464530825615,-0.060535967350006104
532,218.62215591967106,3.3708359748125076,0.2514570951461792
533,319.7642933726311,6.079004283994436,-0.1327134668827057
534,413.9589910507202,7.914068900048733,-0.14435499906539917
535,524.9389066696167,3.8553699925541878,0.07217749953269958
536,612.2819194197655,6.899441510438919,-0.40512531995773315
537,232.05260774120688,0.8071761094033718,0.23050233721733093
538,364.3962576985359,6.784477911889553,-0.07916241884231567
539,378.8738029897213,4.761206289753318,0.14668330550193787
540,143.2587654273957,2.8124582171440125,0.22817403078079224
541,257.59596794098616,1.013515915721655,0.3771856427192688
542,289.41459922492504,1.5879600998014212,0.04423782229423523
543,352.7307649254799,1.539851976558566,0.22351741790771484
544,658.9946064352989,19.130451306700706,-0.23515895009040833
545,394.7075953781605,5.540015667676926,-0.01862645149230957
546,350.9982306957245,8.07428103685379,-0.20489096641540527
547,210.95671281963587,2.3963529653847218,0.4423782229423523
548,272.7951145172119,1.4464438650757074,-0.10710209608078003
549,410.3416770398617,3.425627686083317,0.011641532182693481
550,485.7645224928856,6.217486038804054,0.027939677238464355
551,484.822074174881,7.5944943726062775,0.24214386940002441
552,529.2105591595173,19.576514311134815,-0.10477378964424133
553,321.2874880284071,2.9787300899624825,-0.23050233721733093
554,315.1626057177782,3.6753154322504997,-0.12107193470001221
555,398.3915470838547,5.662996284663677,0.09778887033462524
556,452.8460505157709,1.0952911488711834,0.006984919309616089
557,261.00688772648573,4.841469720005989,0.48428773880004883
558,639.7298245728016,1.9467735569924116,0.3608874976634979
559,304.52759981155396,1.4532069014385343,0.07450580596923828
560,247.698525339365,1.4073788933455944,-0.16996636986732483
561,198.51818250026554,0.7156883087009192,0.22351741790771484
562,254.8512038886547,7.878393702208996,-0.023283064365386963
563,304.1024388819933,2.279909083619714,0.05471520125865936
564,350.37063357234,5.411968350410461,0.034924596548080444
565,329.3850317001343,5.652320072054863,-0.2677552402019501
566,339.2735612243414,5.577152669429779,-0.009313225746154785
567,279.11778124421835,0.9264503382146358,-0.3096647560596466
568,320.90604927390814,0.5687836175784469,0.05587935447692871
569,395.24077343940735,1.7367450296878815,0.08963979780673981
570,252.50252985209227,2.0551210939884186,-0.20489096641540527
571,281.66847651451826,2.140125550329685,-0.09313225746154785
572,297.88646852225065,0.32190425763837993,0.17927959561347961
573,373.0669727474451,4.914144970476627,0.15337718650698662
574,223.55420596152544,0.684489481151104,-0.046566128730773926
575,307.80350770801306,1.2812796533107758,0.11408701539039612
576,322.4846111834049,1.190588552504778,0.10943040251731873
577,478.0094240307808,7.711172349750996,-0.013969838619232178
578,529.2260582149029,8.567968666553497,-0.3573950380086899
579,291.23233346641064,1.4987095594406128,-0.11175870895385742
580,231.92166834324598,0.8835255987942219,0.20256265997886658
581,272.11407697200775,0.6202054424211383,-0.5587935447692871
582,267.75290251523256,0.7365207076072693,0.0
583,413.0385897010565,5.7410503178834915,0.08381903171539307
584,394.917147308588,4.883819326758385,-0.08265487849712372
585,515.0928632616997,2.4374233186244965,0.27241185307502747
586,474.28989338874817,8.042110696434975,-0.10943040251731873
587,427.85358352959156,0.7589844167232513,-0.27474015951156616
588,472.5095939040184,23.23619982600212,-0.03725290298461914
589,570.6145766079426,12.595817729830742,0.16530975699424744
590,506.49222591519356,2.907506063580513,0.027939677238464355
591,390.79202875494957,9.355594217777252,-0.029103830456733704
592,409.68728172779083,6.535506252199411,-0.013969838619232178
593,409.6200458817184,5.944547712802887,0.02444721758365631
594,636.7149522900581,4.406884364783764,-0.05587935447692871
595,357.82475136965513,1.4175682626664639,0.15599653124809265
596,334.75251261889935,7.732697620987892,0.1955777406692505
597,269.43649666011333,2.0112248808145523,0.12456439435482025
598,273.7392855472863,2.162657715380192,0.40978193283081055
599,306.0352768301964,6.008920378983021,0.22817403078079224
600,339.26456009596586,0.8858561534434557,0.17927959561347961
601,430.8924522846937,0.4528813138604164,0.17927959561347961
602,260.52584265358746,4.538960035890341,-0.023283064365386963
603,674.2548991143703,13.720485255122185,-0.15832483768463135
604,495.746357023716,1.4747985992580652,-0.046566128730773926
605,640.8003017902374,4.004646377637982,-0.060535967350006104
606,297.22570529580116,1.7540249098092318,0.17695128917694092
607,305.8022352978587,0.8113087937235832,-0.1816079020500183
608,308.7083172649145,1.1684810128062963,-0.10943040251731873
609,240.98030408658087,2.2353436797857285,0.03958120942115784
610,435.5354223549366,6.627515759319067,-0.06984919309616089
611,377.7711592167616,1.2520304694771767,-0.23981556296348572
612,261.87774543464184,2.2079567052423954,0.35855919122695923
613,361.2697733771056,1.2737731784582138,-0.14435499906539917
614,524.9833173751831,25.29177810996771,0.2561137080192566
615,422.83409264683723,3.9230138659477234,-0.03608874976634979
616,541.8311347365379,4.964028604328632,0.1327134668827057
617,378.64205481112003,21.50025850534439,-0.09546056389808655
618,477.18630381673574,2.0236556380987167,-0.5864421837031841
619,303.65148513764143,4.538144215941429,0.09778887033462524
620,294.51983454078436,1.2714091911911964,0.0651925802230835
621,277.72331934794784,0.6999679375439882,0.20023435354232788
622,344.26173412799835,1.040068095549941,-0.17113052308559418
623,402.4989732205868,3.572797693312168,0.3818422555923462
624,291.19208139181137,1.3233008962124586,0.1234002411365509
625,236.77279444783926,1.0098814945667982,-0.09138602763414383
626,191.29277242720127,1.544108733534813,0.07217749953269958
627,305.39475660026073,1.6092174593359232,0.013969838619232178
628,558.0890369713306,14.256075456738472,0.013969838619232178
629,379.26200371980667,6.374484039843082,0.03259629011154175
630,276.94426068663597,0.838213823735714,-1.5599653124809265
631,281.39387288689613,0.656658916734159,-0.027939677238464355
632,234.3295171931386,0.6819987595081329,0.3119930624961853
633,207.36613607779145,1.1611383967101574,0.0651925802230835
634,590.6877673566341,18.57478915154934,-0.391155481338501
635,250.90408872067928,1.4001565594226122,0.34924596548080444
636,380.8817402124405,1.8203777763992548,-0.27008354663848877
637,297.7234518826008,2.092147095128894,-0.10244548320770264
638,380.06630781292915,2.2075821943581104,0.060535967350006104
639,387.7062795162201,6.629022717475891,-0.09313225746154785
640,394.8225808739662,7.328954506665468,0.046566128730773926
641,409.92217138409615,2.133868508040905,-0.27474015951156616
642,395.2257618904114,3.267370529472828,0.11874362826347351
643,560.8600393235683,13.498966746032238,0.11641532182693481
644,305.4411762468517,6.918295919895172,-0.3026798367500305
645,416.45106267929077,4.0392192509025335,0.21187588572502136
646,363.783334672451,7.989907581359148,0.10710209608078003
647,640.6256257593632,11.473126880824566,-0.27706846594810486
648,300.8584494329989,0.8702332451939583,-0.08498318493366241
649,444.8441917896271,3.414313616231084,0.05820766091346741
650,266.82319954782724,0.7858167514204979,-0.2130400389432907
651,402.77675223350525,12.015936002135277,0.030267983675003052
652,552.3010933101177,24.709036707878113,-0.13504177331924438
653,286.4339094310999,3.4043545871973038,-0.011641532182693481
654,256.66746255755424,2.1976437345147133,-0.030267983675003052
655,376.55344051122665,6.134701229631901,-0.033760443329811096
656,306.8397542834282,1.8388079088181257,-0.04190951585769653
657,436.53977116942406,11.004032023251057,0.034924596548080444
658,365.2727456986904,3.632971102371812,-0.03725290298461914
659,386.165359467268,5.633402218110859,-0.20023435354232788
660,404.172836124897,6.381565159186721,-0.1257285475730896
661,462.3789430260658,5.516963887959719,0.1885928213596344
662,589.6319350302219,10.05579088628292,-0.20489096641540527
663,406.4534175693989,9.969380039721727,0.023283064365386963
664,451.92275792360306,7.0745680667459965,-0.02561137080192566
665,616.1371876299381,26.262847170233727,0.006984919309616089
666,399.4064480140805,7.7771355882287025,0.046566128730773926
667,261.01658767461777,2.093139950186014,0.08381903171539307
668,611.57108771801,11.832417778670788,0.46566128730773926
669,312.84144602995366,1.4227780289947987,0.0314321368932724
670,361.79334815591574,7.34573782235384,-0.1862645149230957
671,197.96326310932636,1.5429050996899605,0.0
672,164.47674228996038,1.4140295535326004,0.03725290298461914
673,192.58653255738318,0.8953256234526634,0.009313225746154785
674,230.31751838698983,0.6529325395822525,0.10011717677116394
675,244.25058073550463,1.9956813659518957,0.09546056389808655
676,297.48267839848995,1.3059150464832783,0.15832483768463135
677,235.98634694889188,1.0215919315814972,-0.23515895009040833
678,242.80428832024336,1.738082729279995,0.10710209608078003
679,227.272776812315,0.31520045595243573,-0.4237517714500427
680,222.75303729996085,1.4860388562083244,0.05704350769519806
681,273.93758825957775,0.6730521228164434,0.027939677238464355
682,220.80558253638446,1.0141401626169682,-0.03958120942115784
683,324.4404196366668,1.1283199451863766,-0.1280568540096283
684,372.40145364403725,1.357434794306755,-0.23224856704473495
685,181.90760225057602,1.5234513320028782,0.05587935447692871
686,244.8504156395793,0.9309205673635006,-0.011641532182693481
687,242.2627054490149,1.5420126728713512,-0.013969838619232178
688,189.50175460428,0.861293351277709,0.367872416973114
689,227.91781421937048,0.6798440366983414,-0.08789356797933578
690,330.61601942405105,0.6430078521370888,-0.35390257835388184
691,434.8330551534891,1.800940204411745,0.3888271749019623
692,428.6111006140709,2.8271930310875177,0.0023283064365386963
693,588.7717740237713,2.8238344080746174,-0.40046870708465576
694,289.82919580489397,4.73766690865159,-0.3119930624961853
695,351.88165087997913,0.9703720845282078,-0.605359673500061
696,312.6075377352536,0.7492447569966316,-0.1548323780298233
697,587.376952290535,11.203532822430134,0.2468004822731018
698,360.7736801505089,1.3057538345456123,0.0651925802230835
699,180.29547471739352,0.9606865420937538,-0.17927959561347961
700,235.65063518937677,0.6752435490489006,0.060535967350006104
701,382.60537752881646,1.2081774808466434,-0.2584420144557953
702,445.8997571989894,24.80620315670967,-0.06984919309616089
703,297.20365460962057,0.9127228576689959,-0.05587935447692871
704,658.7901003062725,14.06172151863575,-0.08847564458847046
705,533.8363829702139,24.19929924607277,0.023283064365386963
706,363.8743712902069,0.48779973294585943,-0.7543712854385376
707,346.98633366823196,1.1022605523467064,-0.21187588572502136
708,278.75223567150533,8.011469826102257,0.060535967350006104
709,310.39035546407104,1.564642507582903,-0.658910721540451
710,222.75096149370074,1.9988388121128082,0.0942964106798172
711,311.71583374775946,1.503925058990717,0.02561137080192566
712,286.4179753474891,1.3925144672393799,0.10244548320770264
713,267.7018678560853,0.7120980992913246,-0.1909211277961731
714,256.30799693986773,1.2624717727303505,-0.09080395102500916
715,574.5542156100273,15.637883231043816,-0.027939677238464355
716,436.6197368055582,1.220367394387722,0.30151568353176117
717,412.7208026088774,0.8530335202813148,0.49243681132793427
718,470.06678399443626,8.37714297324419,0.15832483768463135
719,409.58856466412544,0.7875723298639059,-0.20023435354232788
720,647.62047290802,4.292488344013691,-0.22351741790771484
721,266.6428919956088,7.345120184123516,-0.05587935447692871
722,452.58577528595924,3.709926798939705,-0.2654269337654114
723,365.8674648180604,1.5469483584165573,-0.16530975699424744
724,626.3759869039059,16.301763996481895,-0.26193447411060333
725,286.89815889298916,0.9313115999102592,0.1909211277961731
726,405.56270928680897,0.6821882147341967,-0.07566995918750763
727,512.3523953557014,11.610506072640419,0.20023435354232788
728,617.1285789012909,5.873784132301807,0.08381903171539307
729,743.1649772524834,10.149277746677399,0.3213062882423401
730,580.921618938446,3.1646406166255474,-0.07450580596923828
731,342.6722423247993,6.93529798835516,-0.21886080503463745
732,259.08560245484114,1.7679312750697136,-0.19907020032405853
733,372.42872293293476,1.001803908497095,-0.03958120942115784
734,559.9621383547783,12.744300730526447,-0.2491287887096405
735,567.0358267128468,7.285291954874992,0.34691765904426575
736,243.338755633682,0.6631158720701933,-0.3795139491558075
737,275.04941525682807,0.5572223402559757,-0.07683411240577698
738,599.988314755261,1.8778440579771996,-0.022118911147117615
739,361.5679540298879,3.997605886310339,-0.046566128730773926
740,371.28845003806055,0.3637185962870717,0.16065314412117004
741,612.0907995700836,1.6026316918432713,0.046566128730773926
742,366.31605407595634,0.5695219710469246,-0.060535967350006104
743,351.6345629245043,0.8236793875694275,0.15599653124809265
744,395.84857070446014,0.6477607451379299,0.12747477740049362
745,294.7321725413203,0.7321901610121131,0.20489096641540527
746,579.451967138797,0.7492170557379723,0.11757947504520416
747,609.2390275299549,6.824011616408825,0.1234002411365509
748,263.1156547255814,10.957432255148888,0.17695128917694092
749,305.3481814041734,0.6912153195589781,0.27706846594810486
750,625.8939604759216,2.7553734108805656,-0.7241033017635345
751,515.4953938126564,5.76669105887413,0.046566128730773926
752,312.35620303452015,2.5624918546527624,-0.20489096641540527
753,380.46005725488067,0.9474671743810177,-0.020954757928848267
754,524.5267524272203,10.904557794332504,-0.03725290298461914
755,415.1299792602658,1.2641767337918282,0.23283064365386963
756,402.0587111413479,5.358415212482214,-0.07450580596923828
757,238.89708596467972,2.763176415115595,-0.11641532182693481
758,221.47336884215474,0.6969170561060309,0.24214386940002441
759,206.5830954387784,1.7185459081083536,0.21886080503463745
760,509.7145234197378,1.0470096804201603,0.06984919309616089
761,521.9906522333622,17.32999674975872,0.07450580596923828
762,556.2771663069725,2.552343165501952,-0.04423782229423523
763,323.5682370066643,2.4163222666829824,0.17229467630386353
764,229.497598528862,1.9403554536402225,-0.02561137080192566
765,253.2316351607442,0.8425815142691135,0.09080395102500916
766,370.7484880760312,0.928127421066165,0.15832483768463135
767,603.3378764390945,1.795769538730383,0.521540641784668
768,423.944668635726,2.4926243275403976,-0.10244548320770264
769,654.4829119294882,1.3998969867825508,0.20721927285194397
770,349.7920732200146,2.65626398101449,-0.8195638656616211
771,279.8007248491049,0.3493867302313447,0.03259629011154175
772,267.74709065258503,3.1102933287620544,-0.24214386940002441
773,294.04338251054287,1.7978416755795479,-0.3725290298461914
774,459.32895013689995,6.91470068693161,-0.21420419216156006
775,267.951009452343,1.908644426614046,0.20954757928848267
776,677.4492192268372,34.99971716105938,-0.07683411240577698
777,275.9426255002618,2.412727013230324,0.20023435354232788
778,385.3845040798187,3.642863616347313,0.0
779,590.0708618462086,26.219655945897102,-0.06984919309616089
780,272.1392545104027,1.6638497486710548,0.027939677238464355
781,340.3076270148158,1.4023825284093618,-0.2537854015827179
782,669.7760134041309,24.372332274913788,-0.1327134668827057
783,530.1979390978813,6.923819500952959,0.287545844912529
784,343.64266850054264,1.7956078834831715,-0.1257285475730896
785,444.920694231987,4.45592413470149,0.22933818399906158
786,533.0430226325989,25.367470651865005,-0.13969838619232178
787,390.9610920548439,3.061216253787279,0.05587935447692871
788,601.4751112759113,25.381986632943153,-0.15366822481155396
789,601.7859292626381,26.3325697183609,0.027939677238464355
790,515.7629201114178,29.89515145123005,-0.02561137080192566
791,323.00729094445705,5.2775839157402515,0.03725290298461914
792,434.0689350962639,2.8067615814507008,-0.10477378964424133
793,486.78366881608963,4.911852121353149,-0.1525040715932846
794,317.43290711939335,4.002236541360617,0.009313225746154785
795,384.2132188528776,3.1631294637918472,0.03841705620288849
796,327.8765475153923,3.770410191267729,-0.05587935447692871
797,411.47367721796036,1.6343737840652466,0.21653249859809875
798,315.96996630728245,6.815829440951347,0.07916241884231567
799,577.9468774348497,2.5394145604223013,-0.020954757928848267
800,439.3663829565048,22.471503794193268,-0.0651925802230835
801,281.4868558049202,8.314852375537157,-0.05296897143125534
802,601.784658446908,25.830543160438538,-0.1327134668827057
803,275.327775336802,1.393829233944416,-0.19790604710578918
804,307.3336266428232,1.0276397857815027,-0.10710209608078003
805,313.8390798419714,1.147355387918651,-0.01862645149230957
806,500.1952485740185,5.758709445595741,-0.004656612873077393
807,652.4747206270695,7.570907279849052,-0.009313225746154785
808,248.22818286716938,1.6068429499864578,-0.004656612873077393
809,279.9618253558874,1.458113744854927,0.40279701352119446
810,198.75285597145557,0.931142857298255,0.10710209608078003
811,290.4701150879264,2.878927655518055,0.009313225746154785
812,577.9056650400162,15.484604433178902,0.20023435354232788
813,255.51460455358028,0.7630708161741495,0.1594889909029007
814,305.43947699666023,0.8521579131484032,-0.0628642737865448
815,648.3684884011745,7.136078327894211,0.09313225746154785
816,659.2274262309074,8.632390320301056,0.07450580596923828
817,563.0813992023468,16.664331011474133,-0.09778887033462524
818,419.6099659502506,1.6795657444745302,-0.03259629011154175
819,599.3799439668655,31.676084727048874,-0.08847564458847046
820,384.1387086957693,0.44536038860678673,0.34458935260772705
821,315.4094855636358,2.543983865529299,-0.22817403078079224
822,392.0661039054394,0.40720878820866346,0.11408701539039612
823,451.8442344777286,29.5374159142375,-0.013969838619232178
824,289.80241157114506,0.5426924983039498,0.029103830456733704
825,252.51941755786538,0.9297719728201628,-0.42142346501350403
826,350.2131804153323,7.341591015458107,-0.016298145055770874
827,280.5136862024665,0.9824821539223194,0.20023435354232788
828,205.98538663238287,1.4455058984458447,0.3771856427192688
829,405.19684356451035,3.2942550405859947,-0.6332993507385254
830,208.6664149351418,0.49203750398010015,0.053551048040390015
831,405.5746929869056,1.2048073410987854,-0.23050233721733093
832,611.5291434526443,23.233950823545456,0.0651925802230835
833,270.1592901721597,1.3386738672852516,-0.3119930624961853
834,513.3540974855423,1.004805512726307,0.20139850676059723
835,645.1783955991268,23.32005050778389,0.2514570951461792
836,375.2478966638446,6.889662519097328,-0.1955777406692505
837,413.69483729079366,4.532595623284578,-0.3236345946788788
838,572.3071220815182,1.5366609692573547,0.19790604710578918
839,455.87005066499114,24.854398638010025,-0.07683411240577698
840,357.169441383332,1.296466138213873,0.08149072527885437
841,465.8328910022974,3.9512594267725945,0.14901161193847656
842,363.29523265361786,1.5964263267815113,0.07916241884231567
843,457.21902035176754,8.278140053153038,-0.21420419216156006
844,398.9734498336911,4.793682888150215,0.08149072527885437
845,415.6796889975667,25.53011065721512,0.1862645149230957
846,383.1951947323978,1.1380256600677967,0.004656612873077393
847,448.6333102872595,21.040955066680908,0.15832483768463135
848,499.28097758442163,1.5748655050992966,-0.8265487849712372
849,631.0252824127674,16.565980687737465,0.09778887033462524
850,331.6892171539366,25.95801977813244,0.14668330550193787
851,319.5856367684901,9.929369799792767,0.17695128917694092
852,634.4101662635803,1.3161766678094864,-0.24214386940002441
853,570.1999374032021,12.738482840359211,-0.2468004822731018
854,360.0510592907667,11.268105797469616,-0.01862645149230957
855,475.8466947674751,3.0359282977879047,-0.20954757928848267
856,365.0661508589983,7.577836833894253,0.05820766091346741
857,291.89040955528617,10.013720363378525,0.17229467630386353
858,455.4519663155079,2.44961991161108,0.40512531995773315
859,490.5245961993933,1.732374519109726,-0.23748725652694702
860,588.9696110039949,3.0830876380205154,0.6426125764846802
861,591.2449748814106,1.894750639796257,-0.056461431086063385
862,568.221144080162,2.8180735260248184,-0.017462298274040222
863,254.43361492455006,4.669794015586376,-0.2468004822731018
864,431.6721373125911,2.4768777936697006,0.41676685214042664
865,453.8369078040123,1.5529859066009521,0.005820766091346741
866,357.6797352209687,1.8302684053778648,0.1816079020500183
867,185.77470793388784,1.2161716185510159,-0.053551048040390015
868,620.6085154116154,1.9248385205864906,-0.16996636986732483
869,424.2067765891552,2.896121986210346,0.1257285475730896
870,690.4206155985594,5.6123810559511185,0.5494803190231323
871,327.2797991037369,4.351486004889011,-0.09313225746154785
872,259.39060262590647,1.094130251556635,-0.15366822481155396
873,459.58286613225937,4.887564063072205,0.03259629011154175
874,435.7638160735369,18.492114409804344,0.11641532182693481
875,200.7992750070989,1.4696370847523212,-0.705476850271225
876,301.6920960098505,0.6758154667913914,-0.5331821739673615
877,559.1425156891346,3.6136043444275856,0.17695128917694092
878,462.2045681476593,4.177962690591812,-0.07450580596923828
879,543.2979722172022,2.350446656346321,-0.09546056389808655
880,698.7390920370817,3.8514449223876,-0.10710209608078003
881,407.7163193821907,6.649745151400566,0.1955777406692505
882,570.6573322862387,6.885357677936554,-0.2514570951461792
883,276.61842530965805,2.53127983212471,-0.46798959374427795
884,245.42925173044205,1.2927286438643932,0.27241185307502747
885,353.2021500915289,1.3881087899208069,0.16298145055770874
886,259.3530076146126,6.087845161557198,0.29336661100387573
887,208.72954961657524,2.069493755698204,-0.08381903171539307
888,301.4050159752369,1.5361115895211697,0.29103830456733704
889,374.9069519340992,1.836462840437889,-0.1280568540096283
890,517.7634154111147,2.5285107791423798,0.6856862455606461
891,174.1409511975944,0.6906782444566488,-0.004656612873077393
892,224.02513156831264,3.1110239177942276,0.004656612873077393
893,233.5289110392332,2.231380395591259,-0.08381903171539307
894,628.7740797698498,21.028951704502106,0.09080395102500916
895,473.91242407262325,21.079098910093307,-0.013969838619232178
896,325.3434405475855,2.0331977009773254,0.06402842700481415
897,399.55799528956413,2.4632098376750946,-0.2491287887096405
898,435.4850751757622,10.763905346393585,0.14784745872020721
899,325.86209382116795,1.605382077395916,-0.130385160446167
900,476.464836537838,3.1649892777204514,0.17695128917694092
901,645.033134162426,7.368364199995995,0.4400499165058136
902,214.53327049314976,1.1145544201135635,0.40978193283081055
903,252.41253870353103,1.2897751666605473,0.13737007975578308
904,335.0636624619365,1.0388098880648613,0.17462298274040222
905,311.979520380497,9.693309426307678,0.004656612873077393
906,556.2664227187634,4.151373036205769,0.5296897143125534
907,454.75115472078323,1.680196262896061,-0.1327134668827057
908,216.9562315121293,1.1364254876971245,0.1862645149230957
909,329.09089893102646,0.5662002763710916,0.3702007234096527
910,323.48444928228855,2.43724912032485,0.004656612873077393
911,467.39681604504585,18.8530013859272,-0.07450580596923828
912,313.1454553306103,0.9029867798089981,0.06984919309616089
913,639.8131012916565,1.7541080117225647,0.7241033017635345
914,256.1266939304769,1.291557040065527,0.3259629011154175
915,515.8011210858822,2.6082630455493927,0.20489096641540527
916,494.5151561498642,2.636146694421768,0.1816079020500183
917,350.0320479720831,5.710551381111145,0.14668330550193787
918,242.15267541259527,1.1844894737005234,0.0023283064365386963
919,381.48233273625374,13.016596511006355,-0.004656612873077393
920,188.50953693687916,0.4237409681081772,0.24097971618175507
921,432.67358323931694,1.3206282518804073,-0.1594889909029007
922,450.97389574348927,1.3146305549889803,0.27706846594810486
923,190.67407171800733,2.635438457131386,0.7310882210731506
924,256.5448807142675,2.1094990000128746,0.046566128730773926
925,389.6052158176899,6.058092691004276,0.03725290298461914
926,513.9387153834105,4.12436456233263,-0.27706846594810486
927,567.6958624720573,9.462468918412924,0.09313225746154785
928,296.9802312850952,0.9063294008374214,0.25262124836444855
929,288.0802139490843,0.43666222784668207,0.260770320892334
930,277.9840781763196,6.455112613737583,-0.13154931366443634
931,527.4291768968105,19.33652287721634,0.17229467630386353
932,235.67791457101703,1.8085715770721436,0.33993273973464966
933,331.6275491118431,4.082903571426868,-0.41909515857696533
934,343.7142587006092,2.3208000380545855,-0.07450580596923828
935,582.4742615744472,16.769341967999935,0.2654269337654114
936,318.0602874606848,7.035549033433199,0.2176966518163681
937,285.5050763338804,1.708198744803667,-0.3026798367500305
938,279.99307230114937,1.5212812516838312,-0.12107193470001221
939,303.45240350067616,11.596602961421013,0.0651925802230835
940,223.90336580574512,0.8486441504210234,0.21420419216156006
941,206.00748205184937,0.8552251234650612,-0.18742866814136505
942,236.6227487809956,1.286153918132186,-0.2514570951461792
943,259.0423415899277,7.986763127148151,-0.1280568540096283
944,176.26204369962215,1.7230584137141705,-0.12107193470001221
945,150.6072181351483,0.5210400801151991,-0.12107193470001221
946,248.5367213487625,0.2839370910078287,-0.03259629011154175
947,288.95795169472694,4.092409608885646,-0.1816079020500183
948,247.12585317343473,5.580645479261875,0.17695128917694092
949,145.3524723406881,1.2897082306444645,0.053551048040390015
950,401.0636788383126,1.853000484406948,-0.24214386940002441
951,300.90430940687656,8.86770934611559,0.07450580596923828
952,426.9472944140434,9.618642035871744,-0.11641532182693481
953,310.963980011642,0.7755689527839422,-0.130385160446167
954,301.2688601538539,6.98125796020031,0.27241185307502747
955,524.0753834247589,3.408908396959305,0.8719507604837418
956,358.2883768826723,10.457930691540241,0.011641532182693481
957,179.51542785391212,2.500495783984661,0.09778887033462524
958,140.5640967413783,1.6630062758922577,0.046566128730773926
959,387.65984366834164,1.2743565402925014,0.3725290298461914
960,540.5167566984892,2.18966356664896,-0.5355104804039001
961,389.91385236382484,10.439851522445679,0.11175870895385742
962,341.12048671767116,9.016855794936419,0.046566128730773926
963,182.52079736068845,1.8801950737833977,0.3818422555923462
964,411.5369357764721,2.3048732466995716,-0.013969838619232178
965,332.7068486586213,11.07995717227459,0.053551048040390015
966,410.3734089434147,9.107998840510845,-0.13504177331924438
967,284.4110511727631,9.999083489179611,-0.027939677238464355
968,295.70354230701923,3.32593849953264,0.35855919122695923
969,532.8676767349243,7.942451104521751,0.3073364496231079
970,488.7857463359833,1.7512784488499165,-0.575091689825058
971,354.3641679286957,8.20621145889163,-0.1234002411365509
972,394.16487097740173,7.5176146030426025,0.260770320892334
973,363.65047067403793,5.279120121151209,0.05122274160385132
974,312.8929875046015,12.794983573257923,0.03725290298461914
975,285.1727708876133,1.7344238758087158,-0.023283064365386963
